Account_ID,Customer_ID,Balance,Account_Status,Branch,Account_Channel,Is_NRI,Linked_Credit_Card,Last_Transaction_Date
A00001,C0001,244545,Active,Delhi South,Branch,Yes,Yes,10-11-2024
A00002,C0002,312792,Active,Bangalore Central,Online,No,No,26-09-2024
A00003,C0003,518255,Dormant,Bangalore Central,Branch,Yes,Yes,29-10-2024
A00004,C0004,358687,Dormant,Bangalore Central,Agent,Yes,Yes,31-10-2024
A00005,C0005,51633,Dormant,Kolkata East,Agent,Yes,No,10-03-2025
A00006,C0006,592534,Dormant,Bangalore Central,Agent,No,Yes,21-10-2024
A00007,C0007,543824,Dormant,Kolkata East,Agent,Yes,No,01-04-2025
A00008,C0008,551705,Dormant,Bangalore Central,Branch,Yes,No,11-10-2024
A00009,C0009,608993,Dormant,Bangalore Central,Branch,No,Yes,20-02-2025
A00010,C0010,533915,Active,Mumbai Main,Online,Yes,No,07-03-2025
A00011,C0011,448416,Active,Delhi South,Branch,Yes,No,30-11-2024
A00012,C0012,300113,Active,Delhi South,Agent,No,Yes,13-10-2024
A00013,C0013,339480,Dormant,Bangalore Central,Online,Yes,No,09-06-2025
A00014,C0014,403724,Active,Mumbai Main,Online,Yes,No,19-12-2024
A00015,C0015,335053,Dormant,Delhi South,Branch,Yes,Yes,29-04-2025
A00016,C0016,795086,Dormant,Bangalore Central,Agent,No,No,31-05-2025
A00017,C0017,188082,Dormant,Bangalore Central,Branch,Yes,No,29-06-2025
A00018,C0018,151152,Dormant,Bangalore Central,Agent,Yes,No,18-11-2024
A00019,C0019,44971,Active,Bangalore Central,Online,No,Yes,16-04-2025
A00020,C0020,771310,Dormant,Delhi South,Agent,Yes,No,12-02-2025
A00021,C0021,767493,Dormant,Bangalore Central,Branch,Yes,No,18-01-2025
A00022,C0022,221914,Active,Kolkata East,Agent,No,Yes,21-12-2024
A00023,C0023,452451,Active,Kolkata East,Agent,Yes,Yes,07-12-2024
A00024,C0024,545352,Dormant,Bangalore Central,Online,No,No,02-09-2024
A00025,C0025,292772,Dormant,Delhi South,Branch,Yes,Yes,09-09-2024
A00026,C0026,604075,Dormant,Delhi South,Agent,No,Yes,27-05-2025
A00027,C0027,646374,Dormant,Delhi South,Online,No,Yes,08-07-2024
A00028,C0028,330638,Active,Bangalore Central,Online,Yes,No,17-08-2024
A00029,C0029,105298,Active,Kolkata East,Branch,Yes,No,08-04-2025
A00030,C0030,365218,Dormant,Bangalore Central,Agent,Yes,No,29-09-2024
A00031,C0031,299624,Dormant,Delhi South,Agent,Yes,Yes,14-03-2025
A00032,C0032,174636,Active,Mumbai Main,Agent,No,No,05-10-2024
A00033,C0033,125309,Active,Delhi South,Online,No,No,30-06-2025
A00034,C0034,302825,Active,Bangalore Central,Branch,No,Yes,14-04-2025
A00035,C0035,288150,Dormant,Delhi South,Branch,Yes,No,29-03-2025
A00036,C0036,511274,Dormant,Mumbai Main,Agent,No,No,17-04-2025
A00037,C0037,461237,Active,Bangalore Central,Online,No,No,31-07-2024
A00038,C0038,235496,Active,Bangalore Central,Online,Yes,Yes,19-09-2024
A00039,C0039,178545,Dormant,Kolkata East,Branch,No,No,02-09-2024
A00040,C0040,303491,Dormant,Kolkata East,Online,No,Yes,01-12-2024
A00041,C0041,273031,Active,Delhi South,Online,No,No,09-08-2024
A00042,C0042,636615,Dormant,Bangalore Central,Branch,No,No,06-08-2024
A00043,C0043,791069,Dormant,Delhi South,Agent,Yes,Yes,24-07-2024
A00044,C0044,112274,Active,Bangalore Central,Online,No,Yes,28-06-2025
A00045,C0045,243928,Dormant,Bangalore Central,Online,No,Yes,06-06-2025
A00046,C0046,699806,Active,Kolkata East,Agent,Yes,No,30-12-2024
A00047,C0047,293163,Dormant,Kolkata East,Branch,No,Yes,28-01-2025
A00048,C0048,148852,Dormant,Delhi South,Agent,Yes,Yes,20-07-2024
A00049,C0049,101638,Dormant,Kolkata East,Agent,No,Yes,10-07-2024
A00050,C0050,217890,Active,Delhi South,Online,Yes,Yes,25-04-2025
A00051,C0051,579985,Dormant,Kolkata East,Online,Yes,Yes,01-12-2024
A00052,C0052,534408,Dormant,Kolkata East,Branch,Yes,Yes,19-01-2025
A00053,C0053,792533,Active,Mumbai Main,Agent,Yes,Yes,23-04-2025
A00054,C0054,178054,Active,Mumbai Main,Branch,Yes,Yes,01-08-2024
A00055,C0055,29678,Dormant,Bangalore Central,Branch,Yes,No,09-08-2024
A00056,C0056,628459,Dormant,Delhi South,Agent,No,No,09-10-2024
A00057,C0057,42675,Dormant,Bangalore Central,Agent,Yes,No,25-02-2025
A00058,C0058,567052,Active,Delhi South,Agent,Yes,Yes,29-08-2024
A00059,C0059,565045,Dormant,Delhi South,Online,No,No,01-08-2024
A00060,C0060,205611,Active,Delhi South,Branch,Yes,No,11-03-2025
A00061,C0061,7988,Active,Bangalore Central,Agent,No,Yes,26-06-2025
A00062,C0062,513088,Dormant,Mumbai Main,Online,No,No,08-06-2025
A00063,C0063,28029,Active,Delhi South,Agent,No,No,28-11-2024
A00064,C0064,388491,Active,Bangalore Central,Online,No,Yes,28-10-2024
A00065,C0065,214008,Active,Kolkata East,Online,No,No,27-09-2024
A00066,C0066,296528,Active,Kolkata East,Branch,No,No,04-10-2024
A00067,C0067,599910,Active,Mumbai Main,Agent,Yes,Yes,12-04-2025
A00068,C0068,448220,Dormant,Delhi South,Branch,Yes,Yes,18-10-2024
A00069,C0069,768651,Active,Delhi South,Online,No,Yes,19-12-2024
A00070,C0070,467432,Active,Bangalore Central,Agent,Yes,No,28-02-2025
A00071,C0071,547196,Dormant,Mumbai Main,Agent,Yes,Yes,18-08-2024
A00072,C0072,133307,Active,Kolkata East,Online,No,Yes,19-08-2024
A00073,C0073,476895,Dormant,Mumbai Main,Online,Yes,No,20-01-2025
A00074,C0074,310268,Active,Bangalore Central,Agent,Yes,Yes,21-05-2025
A00075,C0075,115939,Dormant,Mumbai Main,Agent,Yes,Yes,04-09-2024
A00076,C0076,752043,Active,Bangalore Central,Online,No,Yes,11-07-2024
A00077,C0077,741632,Active,Mumbai Main,Online,No,Yes,13-07-2024
A00078,C0078,126766,Dormant,Mumbai Main,Agent,Yes,Yes,14-03-2025
A00079,C0079,466992,Dormant,Kolkata East,Online,Yes,Yes,15-11-2024
A00080,C0080,454263,Active,Delhi South,Online,Yes,No,30-05-2025
A00081,C0081,518215,Dormant,Delhi South,Branch,Yes,Yes,20-06-2025
A00082,C0082,276834,Active,Bangalore Central,Branch,No,Yes,03-11-2024
A00083,C0083,92083,Dormant,Delhi South,Branch,Yes,Yes,31-05-2025
A00084,C0084,144464,Dormant,Delhi South,Agent,Yes,Yes,31-12-2024
A00085,C0085,292979,Active,Delhi South,Online,Yes,Yes,28-12-2024
A00086,C0086,768173,Active,Kolkata East,Branch,Yes,Yes,03-06-2025
A00087,C0087,702199,Active,Delhi South,Agent,No,No,25-01-2025
A00088,C0088,123119,Active,Mumbai Main,Online,No,No,28-06-2025
A00089,C0089,371903,Dormant,Bangalore Central,Branch,No,No,13-10-2024
A00090,C0090,83907,Active,Bangalore Central,Agent,Yes,No,29-01-2025
A00091,C0091,781431,Active,Mumbai Main,Online,No,Yes,19-12-2024
A00092,C0092,234247,Dormant,Delhi South,Agent,Yes,No,21-08-2024
A00093,C0093,763693,Active,Mumbai Main,Online,Yes,No,27-03-2025
A00094,C0094,78961,Dormant,Delhi South,Branch,Yes,Yes,25-01-2025
A00095,C0095,344005,Active,Bangalore Central,Agent,No,No,06-09-2024
A00096,C0096,165340,Dormant,Mumbai Main,Online,Yes,Yes,14-02-2025
A00097,C0097,532691,Active,Delhi South,Agent,Yes,Yes,17-02-2025
A00098,C0098,352626,Active,Delhi South,Agent,Yes,Yes,24-12-2024
A00099,C0099,290520,Dormant,Delhi South,Agent,No,Yes,02-03-2025
A00100,C0100,476491,Dormant,Kolkata East,Online,No,Yes,16-04-2025
A00101,C0101,662257,Dormant,Kolkata East,Agent,Yes,Yes,03-03-2025
A00102,C0102,772250,Active,Mumbai Main,Agent,No,No,05-06-2025
A00103,C0103,538756,Dormant,Mumbai Main,Agent,No,Yes,04-02-2025
A00104,C0104,705728,Dormant,Bangalore Central,Online,Yes,No,15-12-2024
A00105,C0105,78687,Active,Mumbai Main,Branch,Yes,Yes,19-01-2025
A00106,C0106,742143,Dormant,Delhi South,Agent,No,No,05-03-2025
A00107,C0107,722354,Active,Kolkata East,Branch,No,Yes,05-03-2025
A00108,C0108,331102,Active,Mumbai Main,Agent,Yes,No,23-01-2025
A00109,C0109,41220,Active,Kolkata East,Agent,No,Yes,28-10-2024
A00110,C0110,455429,Active,Mumbai Main,Branch,Yes,Yes,17-06-2025
A00111,C0111,106317,Active,Kolkata East,Agent,Yes,Yes,11-11-2024
A00112,C0112,740354,Active,Delhi South,Branch,Yes,No,03-01-2025
A00113,C0113,547619,Dormant,Mumbai Main,Branch,Yes,No,25-01-2025
A00114,C0114,333951,Active,Delhi South,Branch,No,No,26-09-2024
A00115,C0115,200647,Active,Kolkata East,Online,No,No,08-05-2025
A00116,C0116,586283,Active,Bangalore Central,Agent,Yes,Yes,03-08-2024
A00117,C0117,694245,Active,Mumbai Main,Agent,No,Yes,18-12-2024
A00118,C0118,657493,Dormant,Kolkata East,Agent,Yes,No,27-10-2024
A00119,C0119,38367,Dormant,Mumbai Main,Agent,Yes,No,19-11-2024
A00120,C0120,666318,Active,Kolkata East,Online,No,Yes,07-12-2024
A00121,C0121,658756,Active,Delhi South,Online,Yes,No,08-10-2024
A00122,C0122,9357,Dormant,Kolkata East,Agent,Yes,No,29-08-2024
A00123,C0123,258859,Active,Mumbai Main,Agent,No,No,25-10-2024
A00124,C0124,144523,Active,Bangalore Central,Branch,Yes,Yes,04-07-2024
A00125,C0125,615825,Dormant,Kolkata East,Online,Yes,No,30-06-2024
A00126,C0126,395483,Active,Bangalore Central,Agent,Yes,No,19-01-2025
A00127,C0127,231906,Dormant,Kolkata East,Online,No,Yes,12-05-2025
A00128,C0128,707056,Dormant,Delhi South,Online,Yes,No,20-04-2025
A00129,C0129,206183,Active,Bangalore Central,Agent,Yes,No,25-05-2025
A00130,C0130,279172,Dormant,Kolkata East,Agent,No,Yes,21-08-2024
A00131,C0131,493951,Active,Bangalore Central,Branch,No,Yes,10-11-2024
A00132,C0132,159789,Dormant,Bangalore Central,Online,Yes,Yes,19-10-2024
A00133,C0133,509042,Dormant,Bangalore Central,Agent,Yes,Yes,29-12-2024
A00134,C0134,197193,Active,Delhi South,Agent,Yes,No,23-01-2025
A00135,C0135,770194,Active,Bangalore Central,Online,Yes,Yes,03-07-2024
A00136,C0136,521855,Dormant,Bangalore Central,Agent,Yes,Yes,24-03-2025
A00137,C0137,297327,Active,Bangalore Central,Branch,No,Yes,23-06-2025
A00138,C0138,139193,Active,Kolkata East,Branch,Yes,No,07-01-2025
A00139,C0139,209218,Dormant,Mumbai Main,Agent,Yes,Yes,19-04-2025
A00140,C0140,666607,Dormant,Delhi South,Branch,No,No,01-01-2025
A00141,C0141,94020,Dormant,Kolkata East,Branch,Yes,No,24-10-2024
A00142,C0142,542386,Dormant,Mumbai Main,Agent,Yes,No,03-07-2024
A00143,C0143,759417,Active,Bangalore Central,Online,Yes,Yes,23-04-2025
A00144,C0144,786851,Dormant,Kolkata East,Branch,Yes,Yes,14-12-2024
A00145,C0145,225593,Dormant,Kolkata East,Online,Yes,No,05-05-2025
A00146,C0146,4353,Dormant,Delhi South,Online,No,Yes,21-10-2024
A00147,C0147,456416,Dormant,Delhi South,Branch,No,Yes,16-02-2025
A00148,C0148,71528,Dormant,Mumbai Main,Agent,No,No,27-09-2024
A00149,C0149,515526,Active,Kolkata East,Online,No,Yes,05-05-2025
A00150,C0150,585829,Active,Bangalore Central,Online,No,Yes,02-07-2024
A00151,C0151,641907,Dormant,Mumbai Main,Online,Yes,Yes,28-01-2025
A00152,C0152,219677,Active,Kolkata East,Agent,No,No,22-11-2024
A00153,C0153,745479,Active,Bangalore Central,Online,No,Yes,11-09-2024
A00154,C0154,187767,Dormant,Delhi South,Online,No,No,06-12-2024
A00155,C0155,41698,Dormant,Delhi South,Branch,No,No,07-06-2025
A00156,C0156,439471,Dormant,Mumbai Main,Online,No,No,02-02-2025
A00157,C0157,722401,Active,Delhi South,Online,Yes,No,16-12-2024
A00158,C0158,276852,Dormant,Delhi South,Branch,No,No,30-11-2024
A00159,C0159,644173,Dormant,Bangalore Central,Online,No,Yes,05-10-2024
A00160,C0160,399763,Active,Bangalore Central,Online,Yes,No,01-09-2024
A00161,C0161,662679,Active,Bangalore Central,Agent,Yes,No,03-04-2025
A00162,C0162,613262,Dormant,Kolkata East,Agent,No,No,12-04-2025
A00163,C0163,247117,Active,Mumbai Main,Online,Yes,Yes,07-03-2025
A00164,C0164,669692,Dormant,Bangalore Central,Branch,No,Yes,28-11-2024
A00165,C0165,366642,Dormant,Delhi South,Branch,No,Yes,17-05-2025
A00166,C0166,508755,Active,Delhi South,Agent,Yes,Yes,23-11-2024
A00167,C0167,557228,Active,Bangalore Central,Agent,No,Yes,23-09-2024
A00168,C0168,689852,Active,Delhi South,Agent,Yes,Yes,10-10-2024
A00169,C0169,189811,Dormant,Delhi South,Online,No,Yes,30-07-2024
A00170,C0170,315678,Active,Kolkata East,Agent,No,No,10-12-2024
A00171,C0171,244157,Dormant,Delhi South,Online,Yes,Yes,27-02-2025
A00172,C0172,307305,Dormant,Delhi South,Online,Yes,No,01-10-2024
A00173,C0173,701423,Dormant,Delhi South,Branch,No,No,16-01-2025
A00174,C0174,509622,Dormant,Bangalore Central,Online,No,No,22-04-2025
A00175,C0175,515034,Active,Kolkata East,Branch,Yes,Yes,06-05-2025
A00176,C0176,661631,Dormant,Kolkata East,Online,No,Yes,18-06-2025
A00177,C0177,412262,Active,Bangalore Central,Online,Yes,Yes,23-02-2025
A00178,C0178,627882,Dormant,Delhi South,Agent,No,No,09-05-2025
A00179,C0179,375475,Active,Bangalore Central,Agent,Yes,Yes,26-03-2025
A00180,C0180,570810,Active,Kolkata East,Agent,No,Yes,22-03-2025
A00181,C0181,505322,Dormant,Bangalore Central,Branch,No,No,13-10-2024
A00182,C0182,310767,Dormant,Bangalore Central,Online,No,No,18-10-2024
A00183,C0183,102222,Dormant,Delhi South,Online,No,Yes,08-03-2025
A00184,C0184,230565,Dormant,Bangalore Central,Branch,No,No,14-04-2025
A00185,C0185,118825,Active,Bangalore Central,Agent,No,No,22-01-2025
A00186,C0186,792634,Active,Bangalore Central,Branch,No,Yes,10-05-2025
A00187,C0187,302225,Dormant,Bangalore Central,Agent,No,No,12-10-2024
A00188,C0188,440976,Dormant,Kolkata East,Online,No,Yes,07-12-2024
A00189,C0189,469894,Active,Bangalore Central,Online,No,Yes,11-09-2024
A00190,C0190,342203,Dormant,Kolkata East,Agent,No,No,27-05-2025
A00191,C0191,260413,Active,Kolkata East,Online,No,Yes,26-07-2024
A00192,C0192,695595,Active,Kolkata East,Agent,Yes,No,08-09-2024
A00193,C0193,446503,Dormant,Mumbai Main,Branch,Yes,No,22-08-2024
A00194,C0194,122445,Dormant,Kolkata East,Online,Yes,Yes,20-10-2024
A00195,C0195,185753,Dormant,Mumbai Main,Branch,Yes,Yes,11-08-2024
A00196,C0196,488310,Dormant,Kolkata East,Online,Yes,Yes,04-03-2025
A00197,C0197,335397,Dormant,Bangalore Central,Agent,Yes,No,23-12-2024
A00198,C0198,693702,Active,Delhi South,Online,No,Yes,24-02-2025
A00199,C0199,120051,Dormant,Kolkata East,Online,No,Yes,22-12-2024
A00200,C0200,365462,Dormant,Bangalore Central,Online,No,Yes,13-10-2024
A00201,C0201,731824,Dormant,Mumbai Main,Online,No,Yes,29-03-2025
A00202,C0202,418426,Dormant,Delhi South,Online,No,Yes,26-02-2025
A00203,C0203,740056,Dormant,Delhi South,Branch,Yes,No,07-01-2025
A00204,C0204,135278,Dormant,Bangalore Central,Branch,No,No,10-09-2024
A00205,C0205,508236,Active,Bangalore Central,Online,Yes,No,01-11-2024
A00206,C0206,513936,Active,Bangalore Central,Branch,No,Yes,07-07-2024
A00207,C0207,631255,Active,Mumbai Main,Branch,Yes,No,28-08-2024
A00208,C0208,433016,Dormant,Bangalore Central,Branch,No,Yes,19-07-2024
A00209,C0209,721604,Dormant,Kolkata East,Agent,No,Yes,23-01-2025
A00210,C0210,247268,Dormant,Kolkata East,Online,No,Yes,08-07-2024
A00211,C0211,31369,Dormant,Bangalore Central,Agent,Yes,Yes,10-09-2024
A00212,C0212,306062,Active,Delhi South,Agent,Yes,No,08-08-2024
A00213,C0213,281938,Active,Delhi South,Agent,Yes,No,17-10-2024
A00214,C0214,533139,Active,Kolkata East,Agent,No,Yes,12-10-2024
A00215,C0215,226555,Dormant,Bangalore Central,Online,Yes,Yes,17-08-2024
A00216,C0216,429873,Active,Mumbai Main,Agent,No,No,03-04-2025
A00217,C0217,64756,Active,Mumbai Main,Agent,No,No,17-12-2024
A00218,C0218,590569,Active,Delhi South,Branch,Yes,No,08-04-2025
A00219,C0219,339891,Dormant,Delhi South,Online,No,No,03-07-2024
A00220,C0220,275312,Active,Bangalore Central,Agent,Yes,Yes,28-09-2024
A00221,C0221,708777,Active,Kolkata East,Agent,Yes,Yes,04-08-2024
A00222,C0222,334046,Dormant,Kolkata East,Branch,No,Yes,27-08-2024
A00223,C0223,432204,Active,Mumbai Main,Branch,Yes,Yes,05-07-2024
A00224,C0224,411389,Dormant,Kolkata East,Branch,No,No,07-01-2025
A00225,C0225,464419,Dormant,Kolkata East,Branch,Yes,No,22-09-2024
A00226,C0226,446853,Dormant,Delhi South,Agent,No,No,09-11-2024
A00227,C0227,419045,Active,Bangalore Central,Agent,Yes,Yes,10-12-2024
A00228,C0228,274363,Dormant,Kolkata East,Agent,Yes,No,29-10-2024
A00229,C0229,58287,Active,Mumbai Main,Online,No,Yes,01-05-2025
A00230,C0230,282351,Active,Mumbai Main,Online,No,No,06-05-2025
A00231,C0231,510089,Active,Mumbai Main,Branch,No,Yes,09-01-2025
A00232,C0232,764559,Active,Bangalore Central,Agent,Yes,Yes,21-11-2024
A00233,C0233,230583,Dormant,Bangalore Central,Online,Yes,No,27-12-2024
A00234,C0234,357349,Dormant,Bangalore Central,Agent,No,Yes,27-03-2025
A00235,C0235,668173,Active,Kolkata East,Online,No,Yes,03-05-2025
A00236,C0236,48844,Active,Bangalore Central,Online,Yes,No,12-07-2024
A00237,C0237,324496,Active,Mumbai Main,Branch,Yes,No,05-11-2024
A00238,C0238,470380,Active,Kolkata East,Online,Yes,Yes,31-07-2024
A00239,C0239,430718,Dormant,Delhi South,Branch,Yes,Yes,23-05-2025
A00240,C0240,233060,Active,Mumbai Main,Agent,Yes,No,17-04-2025
A00241,C0241,601315,Active,Bangalore Central,Online,Yes,No,25-08-2024
A00242,C0242,175624,Active,Kolkata East,Agent,Yes,Yes,21-07-2024
A00243,C0243,563050,Dormant,Delhi South,Agent,No,No,11-10-2024
A00244,C0244,217217,Active,Delhi South,Branch,Yes,No,27-04-2025
A00245,C0245,656660,Dormant,Bangalore Central,Online,No,No,29-11-2024
A00246,C0246,116674,Active,Delhi South,Branch,No,Yes,27-07-2024
A00247,C0247,644095,Dormant,Mumbai Main,Online,Yes,No,26-01-2025
A00248,C0248,641419,Active,Kolkata East,Branch,Yes,No,29-12-2024
A00249,C0249,346698,Dormant,Delhi South,Branch,Yes,Yes,08-09-2024
A00250,C0250,136492,Dormant,Bangalore Central,Agent,No,No,12-09-2024
A00251,C0251,635347,Active,Bangalore Central,Branch,Yes,No,12-06-2025
A00252,C0252,566987,Dormant,Bangalore Central,Agent,No,No,22-05-2025
A00253,C0253,21887,Dormant,Mumbai Main,Online,No,Yes,05-10-2024
A00254,C0254,758311,Dormant,Delhi South,Branch,No,No,13-05-2025
A00255,C0255,23143,Active,Mumbai Main,Online,No,No,25-11-2024
A00256,C0256,398607,Active,Bangalore Central,Branch,No,No,17-05-2025
A00257,C0257,95636,Dormant,Bangalore Central,Agent,Yes,No,04-07-2024
A00258,C0258,739963,Active,Kolkata East,Branch,No,No,16-08-2024
A00259,C0259,350477,Dormant,Delhi South,Branch,No,Yes,24-04-2025
A00260,C0260,370833,Active,Delhi South,Branch,Yes,No,03-04-2025
A00261,C0261,580751,Dormant,Bangalore Central,Online,Yes,No,04-10-2024
A00262,C0262,67547,Dormant,Kolkata East,Agent,Yes,No,26-11-2024
A00263,C0263,687745,Dormant,Delhi South,Branch,Yes,No,25-04-2025
A00264,C0264,52605,Dormant,Kolkata East,Branch,No,Yes,19-12-2024
A00265,C0265,544842,Dormant,Bangalore Central,Branch,Yes,No,03-10-2024
A00266,C0266,221686,Active,Bangalore Central,Online,No,Yes,12-04-2025
A00267,C0267,380687,Dormant,Delhi South,Branch,Yes,No,13-07-2024
A00268,C0268,562483,Dormant,Bangalore Central,Branch,No,No,15-09-2024
A00269,C0269,209079,Active,Bangalore Central,Agent,No,No,25-12-2024
A00270,C0270,165618,Active,Mumbai Main,Online,Yes,No,11-04-2025
A00271,C0271,562720,Active,Delhi South,Online,Yes,Yes,25-04-2025
A00272,C0272,415739,Active,Mumbai Main,Online,Yes,Yes,05-08-2024
A00273,C0273,753689,Dormant,Kolkata East,Agent,No,No,18-01-2025
A00274,C0274,241474,Dormant,Kolkata East,Agent,Yes,Yes,15-03-2025
A00275,C0275,305283,Dormant,Kolkata East,Agent,Yes,No,18-09-2024
A00276,C0276,170244,Active,Kolkata East,Branch,Yes,Yes,30-12-2024
A00277,C0277,393041,Dormant,Mumbai Main,Online,No,Yes,28-11-2024
A00278,C0278,348605,Active,Mumbai Main,Branch,No,Yes,21-03-2025
A00279,C0279,434476,Active,Bangalore Central,Agent,No,No,29-10-2024
A00280,C0280,227088,Active,Mumbai Main,Agent,No,Yes,28-06-2025
A00281,C0281,580811,Dormant,Kolkata East,Online,Yes,No,02-11-2024
A00282,C0282,769956,Active,Mumbai Main,Agent,Yes,Yes,30-08-2024
A00283,C0283,261784,Active,Bangalore Central,Agent,No,Yes,01-03-2025
A00284,C0284,15303,Active,Kolkata East,Online,No,Yes,08-04-2025
A00285,C0285,38827,Dormant,Bangalore Central,Agent,Yes,Yes,16-07-2024
A00286,C0286,22001,Dormant,Bangalore Central,Online,No,No,15-04-2025
A00287,C0287,792802,Active,Mumbai Main,Agent,Yes,Yes,29-06-2025
A00288,C0288,553133,Dormant,Mumbai Main,Online,No,Yes,29-01-2025
A00289,C0289,108500,Dormant,Mumbai Main,Online,No,No,18-01-2025
A00290,C0290,526860,Active,Mumbai Main,Online,No,No,16-08-2024
A00291,C0291,418267,Dormant,Delhi South,Online,Yes,Yes,06-10-2024
A00292,C0292,509454,Active,Mumbai Main,Online,No,No,02-01-2025
A00293,C0293,45339,Dormant,Kolkata East,Branch,Yes,No,04-03-2025
A00294,C0294,165569,Dormant,Delhi South,Online,Yes,No,24-10-2024
A00295,C0295,297841,Dormant,Mumbai Main,Agent,Yes,No,15-09-2024
A00296,C0296,317110,Dormant,Kolkata East,Online,No,Yes,16-11-2024
A00297,C0297,26422,Active,Bangalore Central,Branch,No,No,09-06-2025
A00298,C0298,242177,Dormant,Kolkata East,Agent,Yes,No,20-07-2024
A00299,C0299,663233,Dormant,Kolkata East,Branch,Yes,Yes,31-05-2025
A00300,C0300,722493,Active,Delhi South,Online,Yes,Yes,15-03-2025
A00301,C0301,260322,Active,Bangalore Central,Agent,No,No,22-09-2024
A00302,C0302,36418,Dormant,Mumbai Main,Branch,No,Yes,12-08-2024
A00303,C0303,286693,Active,Delhi South,Agent,Yes,Yes,29-09-2024
A00304,C0304,787343,Dormant,Bangalore Central,Agent,No,Yes,02-03-2025
A00305,C0305,130648,Active,Kolkata East,Branch,No,Yes,15-12-2024
A00306,C0306,397211,Dormant,Kolkata East,Branch,Yes,No,03-11-2024
A00307,C0307,688106,Active,Mumbai Main,Agent,No,Yes,05-07-2024
A00308,C0308,421217,Dormant,Kolkata East,Agent,Yes,Yes,02-09-2024
A00309,C0309,138566,Active,Bangalore Central,Online,No,No,04-05-2025
A00310,C0310,777497,Active,Mumbai Main,Agent,No,Yes,15-10-2024
A00311,C0311,284114,Dormant,Kolkata East,Online,Yes,No,12-02-2025
A00312,C0312,90041,Active,Mumbai Main,Branch,No,No,15-08-2024
A00313,C0313,81244,Dormant,Mumbai Main,Agent,Yes,Yes,30-11-2024
A00314,C0314,78479,Dormant,Delhi South,Branch,No,Yes,02-05-2025
A00315,C0315,530016,Active,Bangalore Central,Agent,No,Yes,02-10-2024
A00316,C0316,758190,Dormant,Kolkata East,Online,Yes,Yes,03-07-2024
A00317,C0317,738661,Dormant,Delhi South,Agent,Yes,Yes,16-07-2024
A00318,C0318,769227,Dormant,Bangalore Central,Agent,Yes,Yes,10-02-2025
A00319,C0319,436557,Active,Delhi South,Agent,No,No,30-04-2025
A00320,C0320,22133,Dormant,Bangalore Central,Agent,No,Yes,25-03-2025
A00321,C0321,16457,Dormant,Kolkata East,Branch,No,Yes,31-12-2024
A00322,C0322,779727,Dormant,Delhi South,Online,No,Yes,24-03-2025
A00323,C0323,569011,Active,Bangalore Central,Online,No,Yes,16-02-2025
A00324,C0324,635254,Dormant,Delhi South,Agent,Yes,Yes,29-08-2024
A00325,C0325,160223,Dormant,Delhi South,Branch,No,No,21-11-2024
A00326,C0326,101198,Dormant,Delhi South,Online,No,No,25-04-2025
A00327,C0327,772619,Dormant,Delhi South,Agent,Yes,Yes,03-08-2024
A00328,C0328,617767,Dormant,Bangalore Central,Online,No,No,04-10-2024
A00329,C0329,411123,Active,Delhi South,Online,Yes,No,30-08-2024
A00330,C0330,204721,Active,Mumbai Main,Agent,Yes,No,10-01-2025
A00331,C0331,636113,Dormant,Mumbai Main,Online,Yes,Yes,04-08-2024
A00332,C0332,328354,Dormant,Mumbai Main,Branch,Yes,No,23-03-2025
A00333,C0333,340452,Active,Delhi South,Branch,No,No,25-02-2025
A00334,C0334,446804,Active,Bangalore Central,Branch,No,No,08-11-2024
A00335,C0335,538243,Active,Mumbai Main,Agent,Yes,No,26-06-2025
A00336,C0336,780598,Dormant,Bangalore Central,Online,No,Yes,20-04-2025
A00337,C0337,25570,Dormant,Bangalore Central,Agent,No,No,27-02-2025
A00338,C0338,317831,Active,Delhi South,Agent,No,No,23-07-2024
A00339,C0339,288361,Dormant,Delhi South,Branch,Yes,No,23-07-2024
A00340,C0340,482197,Dormant,Delhi South,Online,No,Yes,15-11-2024
A00341,C0341,213511,Active,Bangalore Central,Online,No,No,07-03-2025
A00342,C0342,105521,Dormant,Delhi South,Agent,No,Yes,28-08-2024
A00343,C0343,278107,Dormant,Kolkata East,Branch,No,No,29-03-2025
A00344,C0344,688919,Active,Bangalore Central,Branch,No,No,24-01-2025
A00345,C0345,605190,Active,Delhi South,Agent,No,No,03-05-2025
A00346,C0346,495299,Dormant,Delhi South,Online,No,Yes,10-08-2024
A00347,C0347,395873,Dormant,Bangalore Central,Branch,Yes,No,17-08-2024
A00348,C0348,306385,Dormant,Mumbai Main,Agent,No,No,05-01-2025
A00349,C0349,451399,Active,Delhi South,Online,No,No,28-09-2024
A00350,C0350,98582,Dormant,Kolkata East,Agent,Yes,Yes,31-10-2024
A00351,C0351,234049,Dormant,Mumbai Main,Online,No,No,01-02-2025
A00352,C0352,427068,Dormant,Kolkata East,Agent,No,No,02-05-2025
A00353,C0353,589247,Dormant,Mumbai Main,Branch,No,No,07-03-2025
A00354,C0354,293089,Dormant,Kolkata East,Agent,Yes,Yes,19-04-2025
A00355,C0355,507828,Active,Delhi South,Agent,No,No,11-11-2024
A00356,C0356,299239,Dormant,Kolkata East,Online,Yes,Yes,08-05-2025
A00357,C0357,738022,Active,Mumbai Main,Online,No,No,11-06-2025
A00358,C0358,560104,Dormant,Kolkata East,Agent,Yes,Yes,17-12-2024
A00359,C0359,532201,Dormant,Kolkata East,Branch,Yes,No,10-04-2025
A00360,C0360,257496,Dormant,Kolkata East,Online,Yes,No,12-09-2024
A00361,C0361,401984,Active,Delhi South,Branch,Yes,Yes,08-07-2024
A00362,C0362,19048,Dormant,Delhi South,Agent,Yes,Yes,24-03-2025
A00363,C0363,522178,Dormant,Kolkata East,Online,Yes,Yes,23-11-2024
A00364,C0364,763899,Dormant,Mumbai Main,Online,Yes,Yes,16-11-2024
A00365,C0365,413766,Active,Mumbai Main,Agent,No,No,07-04-2025
A00366,C0366,391843,Active,Delhi South,Agent,Yes,No,21-08-2024
A00367,C0367,574132,Dormant,Mumbai Main,Agent,Yes,No,05-10-2024
A00368,C0368,750290,Active,Delhi South,Online,Yes,Yes,14-06-2025
A00369,C0369,114565,Dormant,Delhi South,Online,Yes,No,15-07-2024
A00370,C0370,475239,Active,Mumbai Main,Branch,Yes,Yes,04-01-2025
A00371,C0371,235944,Active,Kolkata East,Agent,Yes,No,31-03-2025
A00372,C0372,606950,Active,Bangalore Central,Agent,Yes,No,16-12-2024
A00373,C0373,27101,Active,Bangalore Central,Online,No,No,02-02-2025
A00374,C0374,417650,Active,Kolkata East,Branch,Yes,Yes,22-10-2024
A00375,C0375,244390,Active,Delhi South,Agent,Yes,No,26-01-2025
A00376,C0376,469802,Dormant,Delhi South,Agent,No,Yes,27-03-2025
A00377,C0377,388786,Dormant,Mumbai Main,Agent,No,Yes,06-01-2025
A00378,C0378,500967,Dormant,Bangalore Central,Online,Yes,Yes,11-09-2024
A00379,C0379,591509,Dormant,Kolkata East,Branch,Yes,Yes,05-02-2025
A00380,C0380,115240,Dormant,Bangalore Central,Agent,Yes,No,10-09-2024
A00381,C0381,675044,Active,Mumbai Main,Branch,Yes,Yes,27-01-2025
A00382,C0382,326698,Dormant,Kolkata East,Agent,Yes,Yes,12-11-2024
A00383,C0383,349583,Active,Mumbai Main,Online,Yes,No,02-11-2024
A00384,C0384,151755,Active,Mumbai Main,Agent,Yes,No,10-04-2025
A00385,C0385,661512,Dormant,Kolkata East,Branch,Yes,No,28-12-2024
A00386,C0386,88697,Dormant,Kolkata East,Branch,Yes,Yes,14-10-2024
A00387,C0387,101022,Active,Kolkata East,Agent,Yes,No,01-06-2025
A00388,C0388,589130,Active,Mumbai Main,Branch,No,Yes,18-05-2025
A00389,C0389,178477,Active,Bangalore Central,Agent,Yes,No,17-02-2025
A00390,C0390,218770,Dormant,Bangalore Central,Online,Yes,Yes,20-06-2025
A00391,C0391,514604,Active,Bangalore Central,Agent,Yes,No,30-05-2025
A00392,C0392,623234,Dormant,Mumbai Main,Branch,Yes,No,31-01-2025
A00393,C0393,263111,Dormant,Kolkata East,Agent,No,Yes,31-08-2024
A00394,C0394,88963,Dormant,Bangalore Central,Branch,No,Yes,26-07-2024
A00395,C0395,149195,Dormant,Delhi South,Branch,Yes,No,22-01-2025
A00396,C0396,423780,Active,Mumbai Main,Agent,No,No,29-08-2024
A00397,C0397,647435,Active,Kolkata East,Branch,Yes,No,21-12-2024
A00398,C0398,497516,Dormant,Kolkata East,Branch,No,Yes,22-10-2024
A00399,C0399,549830,Active,Mumbai Main,Branch,Yes,Yes,14-05-2025
A00400,C0400,759154,Dormant,Bangalore Central,Agent,No,Yes,10-10-2024
A00401,C0401,595164,Active,Bangalore Central,Online,No,Yes,26-01-2025
A00402,C0402,798527,Active,Mumbai Main,Agent,Yes,No,19-11-2024
A00403,C0403,244720,Dormant,Delhi South,Branch,No,No,23-12-2024
A00404,C0404,62795,Dormant,Delhi South,Online,Yes,Yes,30-06-2024
A00405,C0405,518386,Active,Delhi South,Branch,Yes,Yes,27-04-2025
A00406,C0406,265266,Active,Mumbai Main,Branch,Yes,No,04-03-2025
A00407,C0407,432865,Dormant,Delhi South,Online,Yes,Yes,12-01-2025
A00408,C0408,327584,Dormant,Delhi South,Agent,Yes,No,24-11-2024
A00409,C0409,777482,Active,Delhi South,Agent,No,Yes,10-04-2025
A00410,C0410,355280,Dormant,Kolkata East,Agent,Yes,No,10-09-2024
A00411,C0411,158928,Dormant,Mumbai Main,Online,Yes,Yes,07-06-2025
A00412,C0412,39283,Active,Mumbai Main,Online,Yes,Yes,07-07-2024
A00413,C0413,338057,Dormant,Delhi South,Online,Yes,No,25-02-2025
A00414,C0414,723466,Active,Bangalore Central,Agent,Yes,No,28-05-2025
A00415,C0415,593772,Dormant,Bangalore Central,Online,Yes,Yes,18-11-2024
A00416,C0416,628814,Active,Kolkata East,Branch,No,No,27-04-2025
A00417,C0417,427282,Dormant,Delhi South,Online,Yes,Yes,25-02-2025
A00418,C0418,6842,Dormant,Kolkata East,Branch,Yes,Yes,30-09-2024
A00419,C0419,282170,Active,Delhi South,Branch,No,Yes,01-11-2024
A00420,C0420,724934,Dormant,Delhi South,Online,No,Yes,06-04-2025
A00421,C0421,220387,Active,Delhi South,Online,No,Yes,24-07-2024
A00422,C0422,792714,Active,Delhi South,Branch,No,Yes,12-03-2025
A00423,C0423,590729,Dormant,Bangalore Central,Agent,Yes,No,25-01-2025
A00424,C0424,513467,Active,Mumbai Main,Online,No,No,14-05-2025
A00425,C0425,573091,Dormant,Delhi South,Online,No,No,27-11-2024
A00426,C0426,525094,Dormant,Mumbai Main,Online,No,No,11-09-2024
A00427,C0427,329221,Dormant,Kolkata East,Branch,Yes,Yes,19-01-2025
A00428,C0428,684680,Dormant,Delhi South,Branch,Yes,No,22-03-2025
A00429,C0429,248190,Active,Bangalore Central,Online,No,Yes,09-01-2025
A00430,C0430,338471,Active,Kolkata East,Online,No,No,23-04-2025
A00431,C0431,484783,Active,Bangalore Central,Branch,Yes,No,30-01-2025
A00432,C0432,744302,Active,Bangalore Central,Branch,Yes,Yes,28-08-2024
A00433,C0433,507458,Dormant,Bangalore Central,Online,Yes,No,23-02-2025
A00434,C0434,540420,Active,Mumbai Main,Agent,Yes,No,17-10-2024
A00435,C0435,582757,Active,Mumbai Main,Agent,No,No,02-11-2024
A00436,C0436,776615,Dormant,Bangalore Central,Branch,No,Yes,06-12-2024
A00437,C0437,769678,Dormant,Mumbai Main,Online,Yes,Yes,05-03-2025
A00438,C0438,86390,Dormant,Kolkata East,Online,No,Yes,02-11-2024
A00439,C0439,111146,Dormant,Mumbai Main,Branch,Yes,No,11-08-2024
A00440,C0440,447380,Dormant,Delhi South,Agent,No,No,06-08-2024
A00441,C0441,734222,Dormant,Kolkata East,Online,Yes,No,19-01-2025
A00442,C0442,82269,Active,Mumbai Main,Branch,Yes,No,12-03-2025
A00443,C0443,394935,Dormant,Kolkata East,Agent,No,Yes,25-07-2024
A00444,C0444,134465,Dormant,Delhi South,Branch,No,Yes,17-07-2024
A00445,C0445,794653,Dormant,Delhi South,Agent,Yes,Yes,20-05-2025
A00446,C0446,15286,Dormant,Mumbai Main,Branch,No,Yes,29-06-2025
A00447,C0447,170966,Dormant,Mumbai Main,Agent,No,Yes,19-08-2024
A00448,C0448,546195,Active,Bangalore Central,Online,No,Yes,07-09-2024
A00449,C0449,785490,Dormant,Delhi South,Branch,No,Yes,04-06-2025
A00450,C0450,128378,Dormant,Mumbai Main,Branch,No,Yes,12-07-2024
A00451,C0451,175270,Active,Kolkata East,Branch,No,No,16-09-2024
A00452,C0452,207954,Active,Mumbai Main,Agent,No,No,10-08-2024
A00453,C0453,459858,Dormant,Mumbai Main,Branch,No,No,04-01-2025
A00454,C0454,120185,Dormant,Kolkata East,Branch,No,No,12-09-2024
A00455,C0455,41959,Dormant,Kolkata East,Online,No,Yes,07-08-2024
A00456,C0456,445787,Active,Kolkata East,Online,Yes,Yes,12-07-2024
A00457,C0457,520238,Active,Kolkata East,Online,Yes,No,06-02-2025
A00458,C0458,180015,Dormant,Delhi South,Branch,Yes,Yes,06-03-2025
A00459,C0459,657581,Dormant,Mumbai Main,Agent,Yes,Yes,20-05-2025
A00460,C0460,551071,Active,Bangalore Central,Agent,No,Yes,27-11-2024
A00461,C0461,511859,Active,Kolkata East,Online,No,Yes,12-03-2025
A00462,C0462,147659,Dormant,Kolkata East,Branch,No,Yes,06-01-2025
A00463,C0463,786376,Dormant,Bangalore Central,Branch,No,No,20-01-2025
A00464,C0464,574660,Dormant,Delhi South,Branch,No,Yes,27-02-2025
A00465,C0465,439459,Dormant,Bangalore Central,Agent,No,No,29-03-2025
A00466,C0466,419807,Dormant,Bangalore Central,Agent,No,Yes,14-02-2025
A00467,C0467,10708,Dormant,Mumbai Main,Online,No,No,07-10-2024
A00468,C0468,312166,Active,Kolkata East,Branch,No,Yes,19-07-2024
A00469,C0469,124295,Active,Kolkata East,Agent,Yes,Yes,19-11-2024
A00470,C0470,457633,Active,Delhi South,Branch,Yes,Yes,23-09-2024
A00471,C0471,309515,Dormant,Delhi South,Online,No,No,20-02-2025
A00472,C0472,755914,Dormant,Delhi South,Branch,No,Yes,04-04-2025
A00473,C0473,710553,Dormant,Delhi South,Agent,Yes,No,27-07-2024
A00474,C0474,285276,Active,Delhi South,Branch,Yes,Yes,05-07-2024
A00475,C0475,548860,Dormant,Delhi South,Agent,No,No,26-06-2025
A00476,C0476,339046,Dormant,Mumbai Main,Online,No,Yes,22-06-2025
A00477,C0477,645979,Active,Mumbai Main,Agent,Yes,No,19-09-2024
A00478,C0478,390684,Dormant,Kolkata East,Branch,No,Yes,11-03-2025
A00479,C0479,592198,Active,Bangalore Central,Online,No,Yes,06-01-2025
A00480,C0480,682805,Dormant,Mumbai Main,Agent,Yes,No,25-06-2025
A00481,C0481,175006,Active,Delhi South,Branch,No,No,10-06-2025
A00482,C0482,149391,Active,Delhi South,Agent,Yes,No,19-05-2025
A00483,C0483,305293,Dormant,Bangalore Central,Branch,Yes,Yes,31-07-2024
A00484,C0484,549668,Active,Delhi South,Online,Yes,Yes,28-12-2024
A00485,C0485,719299,Active,Bangalore Central,Branch,Yes,Yes,07-05-2025
A00486,C0486,215393,Active,Bangalore Central,Agent,Yes,No,05-03-2025
A00487,C0487,644825,Dormant,Kolkata East,Branch,Yes,Yes,23-07-2024
A00488,C0488,750181,Active,Bangalore Central,Agent,No,Yes,17-11-2024
A00489,C0489,390287,Active,Delhi South,Branch,No,Yes,01-02-2025
A00490,C0490,545609,Dormant,Bangalore Central,Online,Yes,Yes,14-04-2025
A00491,C0491,634882,Dormant,Kolkata East,Online,No,Yes,29-06-2025
A00492,C0492,264443,Dormant,Bangalore Central,Branch,No,No,10-06-2025
A00493,C0493,496043,Active,Delhi South,Online,Yes,Yes,08-12-2024
A00494,C0494,486365,Dormant,Mumbai Main,Agent,Yes,Yes,15-05-2025
A00495,C0495,221848,Dormant,Kolkata East,Branch,No,Yes,20-11-2024
A00496,C0496,347215,Dormant,Mumbai Main,Agent,No,No,04-05-2025
A00497,C0497,784039,Dormant,Delhi South,Agent,Yes,No,01-04-2025
A00498,C0498,756111,Active,Delhi South,Branch,No,Yes,22-07-2024
A00499,C0499,142913,Dormant,Mumbai Main,Branch,No,No,15-05-2025
A00500,C0500,173216,Dormant,Delhi South,Online,Yes,No,24-02-2025
A00501,C0501,550850,Active,Mumbai Main,Branch,Yes,Yes,11-10-2024
A00502,C0502,750817,Dormant,Delhi South,Agent,No,No,21-01-2025
A00503,C0503,497889,Dormant,Delhi South,Branch,No,Yes,15-07-2024
A00504,C0504,11298,Dormant,Kolkata East,Agent,No,No,11-04-2025
A00505,C0505,334120,Dormant,Bangalore Central,Online,No,No,27-07-2024
A00506,C0506,437525,Dormant,Mumbai Main,Online,Yes,Yes,20-05-2025
A00507,C0507,188931,Active,Kolkata East,Agent,No,Yes,26-10-2024
A00508,C0508,158652,Active,Kolkata East,Agent,Yes,No,30-07-2024
A00509,C0509,494348,Dormant,Bangalore Central,Online,No,No,21-09-2024
A00510,C0510,71304,Dormant,Delhi South,Online,Yes,No,17-01-2025
A00511,C0511,6874,Active,Kolkata East,Branch,Yes,Yes,06-08-2024
A00512,C0512,327988,Dormant,Kolkata East,Agent,No,Yes,08-08-2024
A00513,C0513,736538,Dormant,Delhi South,Agent,No,No,07-04-2025
A00514,C0514,197790,Active,Kolkata East,Branch,No,No,27-09-2024
A00515,C0515,209947,Active,Bangalore Central,Online,Yes,Yes,22-01-2025
A00516,C0516,728759,Dormant,Kolkata East,Branch,Yes,Yes,26-11-2024
A00517,C0517,99406,Dormant,Mumbai Main,Online,No,No,11-09-2024
A00518,C0518,564852,Dormant,Bangalore Central,Branch,Yes,No,13-09-2024
A00519,C0519,481870,Dormant,Bangalore Central,Branch,No,Yes,20-01-2025
A00520,C0520,348115,Active,Bangalore Central,Online,No,No,12-03-2025
A00521,C0521,100315,Active,Delhi South,Branch,Yes,Yes,04-10-2024
A00522,C0522,65076,Active,Bangalore Central,Online,No,No,06-02-2025
A00523,C0523,656331,Active,Bangalore Central,Branch,Yes,Yes,27-02-2025
A00524,C0524,492461,Active,Kolkata East,Online,No,Yes,07-09-2024
A00525,C0525,624330,Dormant,Kolkata East,Branch,No,Yes,01-02-2025
A00526,C0526,165052,Active,Mumbai Main,Online,No,Yes,16-04-2025
A00527,C0527,71015,Dormant,Bangalore Central,Agent,Yes,No,01-02-2025
A00528,C0528,368476,Active,Bangalore Central,Agent,Yes,No,08-12-2024
A00529,C0529,668254,Active,Mumbai Main,Agent,No,No,15-04-2025
A00530,C0530,587317,Dormant,Bangalore Central,Branch,No,No,09-08-2024
A00531,C0531,238009,Active,Kolkata East,Agent,No,No,23-04-2025
A00532,C0532,362714,Dormant,Mumbai Main,Branch,Yes,No,05-03-2025
A00533,C0533,660367,Active,Delhi South,Agent,No,No,08-02-2025
A00534,C0534,15815,Dormant,Mumbai Main,Agent,No,No,16-11-2024
A00535,C0535,202998,Active,Delhi South,Online,Yes,No,18-03-2025
A00536,C0536,288918,Active,Kolkata East,Agent,Yes,No,25-12-2024
A00537,C0537,298992,Dormant,Mumbai Main,Agent,No,No,29-03-2025
A00538,C0538,447867,Dormant,Mumbai Main,Agent,No,No,15-03-2025
A00539,C0539,613859,Active,Bangalore Central,Agent,No,Yes,12-12-2024
A00540,C0540,765750,Active,Delhi South,Agent,Yes,No,07-06-2025
A00541,C0541,321602,Dormant,Bangalore Central,Agent,Yes,No,09-08-2024
A00542,C0542,386115,Active,Bangalore Central,Online,No,Yes,02-09-2024
A00543,C0543,655836,Dormant,Kolkata East,Agent,Yes,No,03-05-2025
A00544,C0544,423857,Active,Kolkata East,Agent,No,No,08-09-2024
A00545,C0545,268124,Dormant,Mumbai Main,Branch,No,Yes,29-01-2025
A00546,C0546,589368,Active,Delhi South,Online,No,No,02-12-2024
A00547,C0547,568297,Active,Kolkata East,Online,No,No,12-01-2025
A00548,C0548,673765,Active,Delhi South,Branch,No,No,08-11-2024
A00549,C0549,692397,Dormant,Delhi South,Online,Yes,No,12-03-2025
A00550,C0550,213429,Dormant,Delhi South,Branch,Yes,Yes,30-08-2024
A00551,C0551,82239,Active,Mumbai Main,Online,No,No,23-01-2025
A00552,C0552,622427,Dormant,Delhi South,Agent,Yes,No,17-02-2025
A00553,C0553,160825,Active,Bangalore Central,Online,Yes,Yes,19-12-2024
A00554,C0554,108978,Active,Delhi South,Online,Yes,Yes,27-06-2025
A00555,C0555,767150,Dormant,Mumbai Main,Online,No,No,13-11-2024
A00556,C0556,227955,Active,Bangalore Central,Online,No,No,15-06-2025
A00557,C0557,294586,Dormant,Delhi South,Branch,Yes,Yes,30-10-2024
A00558,C0558,187987,Active,Delhi South,Online,No,No,29-01-2025
A00559,C0559,276710,Active,Bangalore Central,Branch,Yes,No,03-11-2024
A00560,C0560,592040,Dormant,Delhi South,Online,No,No,24-05-2025
A00561,C0561,108292,Active,Mumbai Main,Branch,Yes,No,21-11-2024
A00562,C0562,133858,Active,Delhi South,Online,No,No,07-12-2024
A00563,C0563,548689,Active,Delhi South,Agent,Yes,Yes,22-04-2025
A00564,C0564,616846,Dormant,Delhi South,Online,No,Yes,02-03-2025
A00565,C0565,677153,Dormant,Kolkata East,Agent,No,No,14-12-2024
A00566,C0566,402548,Dormant,Delhi South,Online,No,Yes,16-05-2025
A00567,C0567,347198,Active,Bangalore Central,Online,Yes,No,07-04-2025
A00568,C0568,604618,Dormant,Mumbai Main,Online,No,No,02-11-2024
A00569,C0569,621935,Dormant,Kolkata East,Online,No,Yes,21-02-2025
A00570,C0570,635152,Active,Bangalore Central,Agent,Yes,No,01-10-2024
A00571,C0571,291704,Active,Kolkata East,Agent,No,Yes,03-02-2025
A00572,C0572,774078,Dormant,Kolkata East,Branch,Yes,Yes,27-01-2025
A00573,C0573,646804,Dormant,Kolkata East,Agent,No,No,21-09-2024
A00574,C0574,701969,Active,Kolkata East,Branch,Yes,Yes,22-11-2024
A00575,C0575,497403,Dormant,Bangalore Central,Branch,No,Yes,23-04-2025
A00576,C0576,220473,Dormant,Delhi South,Branch,Yes,No,29-01-2025
A00577,C0577,177264,Active,Bangalore Central,Online,Yes,Yes,24-06-2025
A00578,C0578,3800,Dormant,Mumbai Main,Agent,Yes,No,15-04-2025
A00579,C0579,244092,Dormant,Mumbai Main,Agent,No,No,06-10-2024
A00580,C0580,227957,Dormant,Bangalore Central,Agent,No,Yes,16-11-2024
A00581,C0581,96775,Dormant,Bangalore Central,Agent,No,No,22-12-2024
A00582,C0582,645794,Active,Delhi South,Branch,Yes,No,20-12-2024
A00583,C0583,154607,Active,Mumbai Main,Agent,No,No,01-12-2024
A00584,C0584,151295,Active,Mumbai Main,Online,No,No,30-06-2024
A00585,C0585,173824,Dormant,Kolkata East,Agent,No,No,08-04-2025
A00586,C0586,499560,Active,Delhi South,Branch,No,Yes,13-07-2024
A00587,C0587,1258,Active,Delhi South,Agent,Yes,No,18-10-2024
A00588,C0588,340044,Dormant,Kolkata East,Branch,Yes,Yes,16-02-2025
A00589,C0589,82566,Dormant,Delhi South,Branch,Yes,No,06-07-2024
A00590,C0590,55724,Dormant,Delhi South,Online,No,Yes,17-01-2025
A00591,C0591,144628,Active,Kolkata East,Online,Yes,No,21-08-2024
A00592,C0592,537561,Active,Delhi South,Branch,Yes,No,10-06-2025
A00593,C0593,462047,Dormant,Kolkata East,Online,No,Yes,25-10-2024
A00594,C0594,447070,Active,Kolkata East,Agent,Yes,Yes,02-07-2024
A00595,C0595,698137,Dormant,Delhi South,Branch,No,Yes,24-10-2024
A00596,C0596,495601,Active,Delhi South,Agent,No,No,24-09-2024
A00597,C0597,343978,Dormant,Bangalore Central,Online,Yes,No,21-09-2024
A00598,C0598,318255,Active,Mumbai Main,Agent,No,No,28-05-2025
A00599,C0599,525681,Dormant,Delhi South,Agent,No,No,30-10-2024
A00600,C0600,797925,Dormant,Bangalore Central,Agent,Yes,No,08-07-2024
