Customer_ID,Name,Gender,Age,City,Account_Type,Employment_Status,Marital_Status,Annual_Income,Account_Opened_Date
C0001,Jenna Anderson DVM,Female,56,Mumbai,Current,Employed,Single,2277458,2022-05-14
C0002,Nicole Good,Male,69,Mumbai,Savings,Employed,Single,772114,2021-08-27
C0003,Nathan Coleman,Female,33,Mumbai,Salary,Self-Employed,Married,1137609,2023-10-27
C0004,David Murray,Female,51,Bengaluru,Savings,Self-Employed,Divorced,849175,2025-02-19
C0005,Colin Golden,Male,39,Mumbai,Savings,Student,Single,1462033,2023-01-02
C0006,Amanda Keller,Female,54,Hyderabad,Salary,Unemployed,Divorced,1503970,2021-09-20
C0007,Taylor Small,Female,49,Chennai,Savings,Self-Employed,Married,227056,2023-01-12
C0008,Austin Wheeler,Male,47,Mumbai,Savings,Student,Single,2234049,2023-09-02
C0009,Michael Brennan,Female,47,Mumbai,Savings,Self-Employed,Married,1041796,2020-08-03
C0010,Andrew Gonzales,Female,54,Delhi,Salary,Unemployed,Divorced,681123,2025-03-15
C0011,Nicole Parsons,Male,20,Chennai,Savings,Unemployed,Married,481614,2025-03-20
C0012,Wyatt Young,Male,65,Mumbai,Savings,Unemployed,Single,200149,2021-09-12
C0013,Laura Ray,Male,23,Kolkata,Salary,Employed,Divorced,841821,2021-07-17
C0014,Sabrina Young,Female,36,Chennai,Current,Unemployed,Single,707655,2020-11-06
C0015,Victoria Boyd,Male,59,Chennai,Salary,Student,Married,2380293,2020-07-15
C0016,Donald Hawkins,Male,47,Bengaluru,Current,Unemployed,Married,606275,2025-05-14
C0017,Nancy Thompson,Male,40,Kolkata,Savings,Unemployed,Divorced,1236857,2023-11-06
C0018,Kristi Williams,Male,62,Kolkata,Current,Employed,Single,1056869,2025-01-23
C0019,Mason James,Male,63,Bengaluru,Salary,Employed,Divorced,634559,2025-02-25
C0020,Melissa Russell,Female,68,Chennai,Salary,Self-Employed,Single,2187019,2021-03-21
C0021,Clinton Medina,Male,37,Kolkata,Salary,Self-Employed,Single,303416,2023-02-01
C0022,Darin Mathews,Male,43,Bengaluru,Savings,Unemployed,Divorced,2321497,2022-04-13
C0023,Joel Brown,Male,57,Bengaluru,Current,Self-Employed,Married,2061498,2023-06-03
C0024,Jason Moreno,Male,70,Hyderabad,Current,Student,Divorced,1838772,2022-04-18
C0025,David Rivera,Female,69,Bengaluru,Salary,Student,Divorced,433426,2024-01-03
C0026,Jerry Watson,Male,29,Bengaluru,Salary,Student,Divorced,710914,2024-11-08
C0027,Sandra Williams,Male,44,Delhi,Salary,Employed,Single,1457971,2021-09-15
C0028,Larry Williams,Female,33,Bengaluru,Salary,Employed,Divorced,1896836,2021-11-12
C0029,Robert Matthews,Male,29,Hyderabad,Salary,Student,Divorced,2228866,2022-01-22
C0030,Claire Clark,Female,57,Kolkata,Savings,Unemployed,Married,971936,2022-05-16
C0031,Elizabeth Stout,Female,64,Kolkata,Current,Self-Employed,Divorced,1185358,2022-08-24
C0032,Colton Figueroa,Male,45,Chennai,Savings,Employed,Married,2493106,2022-02-23
C0033,Nicole Rocha,Female,47,Mumbai,Salary,Unemployed,Married,1291657,2021-06-21
C0034,Michele Sanders,Male,42,Bengaluru,Savings,Self-Employed,Married,2041844,2022-01-14
C0035,Frank Campbell,Female,60,Bengaluru,Salary,Self-Employed,Single,716723,2025-04-27
C0036,Matthew Parker,Female,29,Mumbai,Savings,Student,Single,2013422,2020-12-15
C0037,Stephen Owens,Male,62,Mumbai,Salary,Unemployed,Single,813401,2025-03-01
C0038,Miranda Gill,Female,54,Kolkata,Current,Unemployed,Married,290839,2024-06-02
C0039,Dale Edwards,Male,24,Hyderabad,Salary,Student,Married,975140,2025-03-03
C0040,Sean Figueroa,Female,43,Kolkata,Salary,Student,Single,794274,2021-02-12
C0041,Juan Silva,Female,62,Hyderabad,Salary,Student,Married,1209493,2022-12-20
C0042,Elizabeth Gonzalez,Female,20,Delhi,Current,Student,Married,916284,2021-01-25
C0043,Kelly Sanchez,Male,33,Mumbai,Savings,Unemployed,Single,2345449,2022-08-17
C0044,Terri Morgan,Male,28,Chennai,Salary,Self-Employed,Single,2492946,2021-05-01
C0045,Katherine Cummings,Male,35,Mumbai,Salary,Self-Employed,Married,1040333,2022-03-05
C0046,Julia Oconnor,Male,58,Chennai,Salary,Student,Single,2197153,2025-06-07
C0047,Charles Payne,Female,52,Bengaluru,Salary,Student,Divorced,2215222,2024-08-21
C0048,Steve Mooney,Male,36,Hyderabad,Salary,Student,Married,1416499,2023-04-23
C0049,Kelly Combs,Male,60,Delhi,Savings,Student,Divorced,1414037,2023-07-14
C0050,Robert Williams,Female,22,Bengaluru,Salary,Self-Employed,Married,619512,2021-08-02
C0051,Chad Mccoy,Male,62,Kolkata,Current,Student,Single,2267641,2022-06-28
C0052,Chris Robinson,Male,64,Chennai,Savings,Employed,Divorced,1740733,2021-05-06
C0053,Antonio Little,Female,64,Hyderabad,Salary,Student,Single,1354194,2022-12-02
C0054,Susan Hopkins,Female,31,Hyderabad,Salary,Self-Employed,Married,1840766,2021-02-01
C0055,Joseph Jenkins,Male,49,Kolkata,Savings,Employed,Single,1818249,2022-02-21
C0056,Nathan Nichols,Male,44,Chennai,Savings,Self-Employed,Divorced,650199,2023-03-14
C0057,Jonathan Wolfe,Female,66,Kolkata,Savings,Unemployed,Divorced,2146004,2024-08-17
C0058,Todd White,Male,53,Hyderabad,Current,Employed,Single,1948590,2024-04-30
C0059,Kelly Allen,Male,25,Delhi,Savings,Self-Employed,Married,1981878,2023-04-16
C0060,Dawn Gomez,Male,41,Mumbai,Salary,Employed,Married,821455,2023-02-04
C0061,Angela Chung,Female,22,Hyderabad,Current,Unemployed,Single,317317,2025-06-18
C0062,David Terry,Female,66,Bengaluru,Savings,Student,Married,1388758,2021-10-16
C0063,Ronald Miller,Male,24,Mumbai,Current,Self-Employed,Single,2117142,2025-04-22
C0064,Marie Johnson MD,Female,50,Hyderabad,Current,Employed,Divorced,703847,2025-04-26
C0065,John Walsh,Male,67,Bengaluru,Current,Employed,Divorced,1833385,2023-08-06
C0066,Angela Bruce,Female,67,Mumbai,Savings,Unemployed,Single,246219,2023-03-09
C0067,Erin Madden,Female,38,Hyderabad,Current,Unemployed,Married,1469874,2024-02-20
C0068,Stephanie Ellison,Female,44,Bengaluru,Savings,Self-Employed,Divorced,342956,2021-12-05
C0069,Steven Schwartz,Female,46,Hyderabad,Current,Unemployed,Single,2064281,2020-07-15
C0070,Denise Glass,Male,28,Kolkata,Salary,Student,Single,378810,2023-02-28
C0071,Diana Daniels,Male,34,Delhi,Savings,Self-Employed,Married,1687832,2022-08-03
C0072,Cassie Jefferson,Male,31,Chennai,Salary,Student,Single,784281,2022-05-19
C0073,Daniel Thomas,Male,50,Kolkata,Savings,Self-Employed,Married,2162544,2024-03-15
C0074,Samantha Hickman,Male,20,Kolkata,Current,Self-Employed,Divorced,2122459,2022-11-06
C0075,Justin Knight,Female,47,Hyderabad,Current,Self-Employed,Married,1361419,2023-07-21
C0076,Megan Fernandez,Female,19,Chennai,Current,Employed,Married,238252,2021-08-21
C0077,Patrick Gibbs,Male,22,Mumbai,Current,Self-Employed,Married,864019,2023-04-26
C0078,Angela Mcgee,Female,58,Bengaluru,Current,Employed,Married,1700502,2024-07-30
C0079,Brent Hall,Male,62,Kolkata,Savings,Self-Employed,Married,2299829,2024-06-07
C0080,Larry Austin,Female,61,Kolkata,Savings,Student,Single,2310597,2024-04-13
C0081,Tracy Nguyen,Female,65,Hyderabad,Salary,Employed,Divorced,1084075,2023-07-19
C0082,Rachel Hayes,Female,47,Hyderabad,Salary,Student,Married,1663116,2023-02-04
C0083,Juan Bennett,Male,42,Mumbai,Salary,Unemployed,Married,2402243,2024-08-20
C0084,Kevin James,Female,39,Hyderabad,Current,Employed,Divorced,1838397,2025-03-09
C0085,Elizabeth Wright,Male,65,Kolkata,Savings,Employed,Single,2351867,2021-06-03
C0086,Derrick James,Female,43,Bengaluru,Current,Employed,Married,463258,2021-12-28
C0087,Brittany Price,Male,30,Chennai,Salary,Student,Married,931892,2021-03-11
C0088,Brandon Hahn,Male,43,Delhi,Salary,Self-Employed,Divorced,835029,2022-11-18
C0089,Philip Garcia,Female,20,Hyderabad,Savings,Employed,Married,1675837,2021-09-07
C0090,Jeffrey Hawkins,Male,18,Delhi,Current,Self-Employed,Married,1623089,2025-01-28
C0091,Ashley Davis,Male,34,Chennai,Salary,Unemployed,Divorced,2127206,2022-03-02
C0092,Linda Mueller,Male,25,Chennai,Current,Self-Employed,Single,787367,2022-09-25
C0093,Alexandria Gutierrez,Female,63,Hyderabad,Savings,Employed,Married,1367443,2021-02-22
C0094,Misty Hansen,Female,26,Chennai,Current,Self-Employed,Divorced,1470580,2021-02-19
C0095,Dana Meyer DDS,Female,38,Mumbai,Savings,Employed,Single,1852256,2020-08-26
C0096,Derrick Adams,Male,60,Delhi,Salary,Employed,Single,486093,2024-10-22
C0097,Christopher Hill,Male,65,Kolkata,Current,Student,Single,2228972,2020-10-04
C0098,Richard Ward,Male,47,Mumbai,Current,Self-Employed,Single,1779250,2025-06-11
C0099,Michelle Simpson,Female,49,Bengaluru,Current,Self-Employed,Single,2178672,2025-06-02
C0100,Judith Taylor,Male,47,Hyderabad,Current,Student,Single,956545,2023-12-10
C0101,James Skinner,Male,22,Chennai,Savings,Self-Employed,Single,2326429,2022-04-22
C0102,Scott Alexander,Female,23,Kolkata,Savings,Unemployed,Married,2403829,2020-10-21
C0103,Rodney Curtis,Female,53,Delhi,Current,Student,Divorced,1287272,2025-03-09
C0104,Elizabeth Morrison,Male,60,Kolkata,Salary,Student,Divorced,742835,2022-09-17
C0105,Karen Thompson,Male,33,Mumbai,Savings,Unemployed,Married,1559275,2025-02-12
C0106,Francis Navarro,Female,63,Kolkata,Current,Student,Single,1660017,2025-01-31
C0107,Tracy Casey,Female,46,Hyderabad,Current,Employed,Single,1893550,2024-07-05
C0108,Douglas Hartman,Male,26,Chennai,Savings,Unemployed,Single,483409,2021-10-04
C0109,Timothy Gonzalez,Male,48,Delhi,Savings,Employed,Single,388446,2023-08-10
C0110,Catherine Saunders MD,Male,70,Delhi,Current,Self-Employed,Divorced,323823,2023-11-01
C0111,Terri Clark,Female,35,Delhi,Current,Employed,Married,867647,2022-05-24
C0112,Sandra Jones,Female,28,Delhi,Savings,Employed,Divorced,1171838,2022-12-21
C0113,Rebecca Chambers,Female,28,Hyderabad,Savings,Self-Employed,Single,604919,2021-08-19
C0114,Eric King,Female,19,Hyderabad,Salary,Self-Employed,Divorced,645520,2024-06-12
C0115,Jay Bennett,Female,56,Mumbai,Salary,Employed,Single,2294777,2024-10-03
C0116,Kyle Aguilar,Male,24,Mumbai,Savings,Student,Married,2198220,2024-11-01
C0117,Tammy Kane,Female,29,Kolkata,Current,Student,Single,1557525,2021-04-07
C0118,Andrew Schmitt,Male,36,Hyderabad,Savings,Student,Single,1171126,2023-11-14
C0119,Robin Wheeler,Male,25,Mumbai,Current,Unemployed,Single,1192444,2023-08-04
C0120,Ashley Wright,Male,52,Delhi,Savings,Unemployed,Married,642213,2024-10-07
C0121,Carol Salazar,Female,65,Bengaluru,Savings,Self-Employed,Single,929800,2020-08-01
C0122,Maria Lucas,Male,43,Kolkata,Salary,Student,Married,1810962,2022-07-12
C0123,Erin Hogan,Female,28,Bengaluru,Current,Self-Employed,Married,1961843,2021-11-27
C0124,Brett Walker,Male,22,Delhi,Savings,Unemployed,Divorced,469986,2024-11-13
C0125,Kristin Watts,Male,60,Hyderabad,Current,Employed,Divorced,459739,2021-09-09
C0126,James Ford,Female,66,Bengaluru,Current,Student,Married,1250605,2024-04-16
C0127,Melissa Hernandez,Female,18,Hyderabad,Current,Self-Employed,Married,680137,2021-11-06
C0128,Mrs. Elizabeth Knapp MD,Male,61,Kolkata,Current,Self-Employed,Divorced,356943,2022-01-07
C0129,Monica Bailey,Female,35,Hyderabad,Current,Student,Single,505687,2025-04-24
C0130,Richard Boyd,Female,27,Mumbai,Current,Employed,Single,2051904,2025-04-22
C0131,Brent Bowen,Female,46,Hyderabad,Savings,Self-Employed,Divorced,1770020,2021-09-27
C0132,Austin Williams,Female,40,Delhi,Salary,Student,Married,323561,2024-08-10
C0133,Alison Cooper,Female,29,Chennai,Current,Self-Employed,Single,930090,2023-07-19
C0134,Robert Spears,Male,31,Hyderabad,Savings,Employed,Single,1547039,2020-11-02
C0135,Kelli Arnold,Female,63,Hyderabad,Current,Student,Married,651562,2022-05-10
C0136,Jeffery Murray,Female,20,Kolkata,Salary,Student,Single,2085380,2024-08-23
C0137,Lori Lopez,Male,61,Mumbai,Current,Unemployed,Divorced,1783890,2022-06-20
C0138,Jennifer Mclaughlin,Female,52,Hyderabad,Savings,Student,Married,758751,2021-01-11
C0139,Joanna Jordan,Female,31,Bengaluru,Savings,Student,Divorced,1037746,2022-09-29
C0140,Daniel Ramirez,Male,46,Delhi,Current,Self-Employed,Married,1020900,2023-08-21
C0141,Rebecca Ray,Male,62,Chennai,Salary,Employed,Divorced,1259040,2022-06-27
C0142,Kimberly Diaz,Male,21,Chennai,Current,Unemployed,Single,2259835,2020-11-10
C0143,Brian Lambert,Female,58,Mumbai,Savings,Student,Divorced,2035070,2022-04-03
C0144,Vincent Edwards MD,Male,69,Hyderabad,Current,Self-Employed,Divorced,1399945,2024-11-25
C0145,Brian Bell,Male,51,Bengaluru,Salary,Unemployed,Single,1145801,2023-07-27
C0146,Christopher Nunez,Male,59,Kolkata,Savings,Employed,Divorced,1043863,2023-10-18
C0147,Tamara Lawrence,Female,60,Hyderabad,Savings,Employed,Married,879852,2024-06-28
C0148,Emily Allen,Female,63,Hyderabad,Savings,Employed,Divorced,2020592,2024-05-12
C0149,James Thomas,Female,60,Hyderabad,Current,Unemployed,Married,2416813,2020-11-21
C0150,Kyle Andrews,Male,24,Hyderabad,Savings,Unemployed,Married,1006547,2020-10-31
C0151,John Medina,Male,42,Kolkata,Savings,Employed,Married,560786,2023-04-02
C0152,Tara Thompson,Male,62,Hyderabad,Current,Self-Employed,Divorced,301682,2021-05-16
C0153,Dylan Lopez,Female,37,Hyderabad,Current,Unemployed,Married,603517,2024-12-05
C0154,Lisa Glenn,Male,46,Chennai,Salary,Self-Employed,Single,1053707,2022-10-27
C0155,Kari Lee,Female,21,Kolkata,Current,Employed,Single,339415,2022-09-26
C0156,Justin Delgado,Female,56,Delhi,Savings,Employed,Married,789562,2025-06-01
C0157,John Mckinney,Female,18,Delhi,Savings,Self-Employed,Married,221962,2025-02-15
C0158,Christopher Cunningham,Female,21,Bengaluru,Salary,Employed,Divorced,1708108,2025-05-06
C0159,Connie Johnson,Male,67,Mumbai,Savings,Unemployed,Single,1911390,2021-12-22
C0160,Dylan Norman,Male,42,Bengaluru,Current,Self-Employed,Married,2492526,2023-09-13
C0161,Patricia Simpson,Male,67,Mumbai,Salary,Self-Employed,Divorced,501843,2023-09-19
C0162,Laura Adams,Female,30,Mumbai,Current,Employed,Single,1629046,2023-08-08
C0163,Wendy Weaver,Female,33,Mumbai,Savings,Self-Employed,Divorced,977222,2025-06-29
C0164,Olivia Alexander,Male,41,Bengaluru,Current,Unemployed,Divorced,2415240,2021-02-26
C0165,Jeffery Fitzgerald,Female,33,Hyderabad,Current,Employed,Divorced,2281110,2024-11-21
C0166,Danielle Golden,Male,30,Chennai,Salary,Employed,Single,997491,2022-08-20
C0167,Dennis Atkins,Male,23,Delhi,Current,Student,Divorced,1070212,2023-09-12
C0168,Sean Wilson,Male,19,Hyderabad,Salary,Employed,Single,2186979,2022-05-23
C0169,Christine Rojas,Female,44,Mumbai,Salary,Employed,Single,2300718,2024-11-20
C0170,Shannon Bishop,Female,19,Chennai,Savings,Unemployed,Married,1676839,2023-12-12
C0171,Luis Glover,Male,18,Bengaluru,Current,Employed,Single,1695207,2023-07-01
C0172,Renee Hudson,Male,39,Delhi,Current,Unemployed,Single,778283,2023-06-06
C0173,Linda Jackson,Female,70,Bengaluru,Salary,Employed,Single,481667,2024-08-20
C0174,Eileen Armstrong,Male,30,Kolkata,Salary,Unemployed,Divorced,2040788,2024-08-05
C0175,Kayla Mccullough,Male,61,Chennai,Salary,Unemployed,Single,1993114,2020-07-20
C0176,Brandy Brady,Female,60,Hyderabad,Current,Student,Married,1777554,2024-10-06
C0177,Anthony Ramirez,Female,22,Mumbai,Savings,Self-Employed,Married,497240,2021-09-04
C0178,Meredith Anderson,Male,32,Bengaluru,Savings,Unemployed,Single,527758,2024-03-27
C0179,Frank Wright,Female,24,Mumbai,Savings,Student,Married,733483,2021-11-26
C0180,Jenna Thomas,Female,69,Chennai,Savings,Unemployed,Single,2369490,2022-06-14
C0181,Lori Brooks,Male,60,Chennai,Savings,Self-Employed,Married,1450854,2021-02-24
C0182,Robert Mack,Male,28,Delhi,Savings,Employed,Single,623259,2024-11-14
C0183,Paul Neal,Male,64,Kolkata,Current,Unemployed,Divorced,694623,2022-11-19
C0184,Jordan Freeman,Female,28,Kolkata,Salary,Student,Divorced,2291750,2022-04-18
C0185,Sheila Boone,Male,20,Bengaluru,Savings,Employed,Divorced,1167095,2021-10-09
C0186,William Reid,Female,44,Bengaluru,Salary,Self-Employed,Married,415918,2022-01-31
C0187,Sarah Flynn,Female,50,Hyderabad,Savings,Employed,Married,2467180,2021-10-31
C0188,Walter Summers,Male,24,Delhi,Savings,Student,Divorced,1587978,2023-07-30
C0189,Frank Campbell MD,Male,70,Chennai,Salary,Student,Married,294550,2021-07-02
C0190,Samuel Kramer,Male,38,Hyderabad,Current,Employed,Divorced,1139613,2022-06-15
C0191,Pamela Williams,Male,38,Chennai,Current,Unemployed,Single,1415913,2024-01-09
C0192,Sara Smith,Male,53,Chennai,Salary,Self-Employed,Divorced,1254371,2023-04-21
C0193,Brooke Bryant,Male,58,Delhi,Salary,Self-Employed,Single,1837567,2021-06-17
C0194,Jessica Forbes DVM,Male,30,Mumbai,Savings,Student,Single,1701163,2024-08-04
C0195,Elizabeth Baxter,Female,57,Kolkata,Current,Employed,Single,485014,2024-07-26
C0196,Anna Ward,Male,31,Mumbai,Current,Employed,Married,862125,2024-07-27
C0197,Matthew Banks,Female,52,Chennai,Current,Self-Employed,Married,1408248,2022-04-15
C0198,Mario Barber,Male,43,Kolkata,Current,Self-Employed,Married,513637,2021-11-12
C0199,Jessica Davis,Male,45,Bengaluru,Current,Self-Employed,Divorced,2441535,2023-12-28
C0200,Daniel Miller,Female,25,Delhi,Savings,Self-Employed,Divorced,1212498,2020-09-07
C0201,Kelly Wallace,Female,32,Bengaluru,Current,Unemployed,Single,2371641,2022-07-27
C0202,Greg Martinez,Male,31,Delhi,Savings,Student,Married,2297349,2020-11-11
C0203,Melissa Woods,Female,24,Kolkata,Salary,Self-Employed,Single,1509626,2021-08-01
C0204,Brandon Shaffer,Male,40,Hyderabad,Savings,Unemployed,Single,1874448,2025-05-16
C0205,Jacob Evans,Female,38,Kolkata,Salary,Unemployed,Married,437599,2021-11-12
C0206,Robert Baxter,Female,29,Delhi,Salary,Unemployed,Married,2489845,2021-08-22
C0207,Megan Jones,Female,18,Chennai,Savings,Student,Single,665041,2024-11-08
C0208,Lisa Martin,Female,43,Bengaluru,Savings,Employed,Divorced,2175427,2020-10-29
C0209,Daniel Goodman,Male,59,Delhi,Current,Student,Married,1303324,2025-05-12
C0210,Lisa Ramos,Female,38,Hyderabad,Savings,Self-Employed,Divorced,325736,2021-09-29
C0211,Steven Taylor,Female,18,Hyderabad,Current,Self-Employed,Divorced,335370,2020-12-20
C0212,Nicholas Bell,Female,42,Hyderabad,Salary,Employed,Single,1617864,2021-11-28
C0213,Richard Wright,Male,31,Mumbai,Savings,Self-Employed,Single,1967503,2022-09-10
C0214,Danielle Burke,Male,47,Chennai,Salary,Student,Married,1294214,2022-01-10
C0215,Dominique Pugh,Male,32,Bengaluru,Current,Employed,Single,1041005,2024-11-21
C0216,Ryan Liu,Female,22,Bengaluru,Savings,Employed,Divorced,1603167,2023-12-11
C0217,Lawrence Lopez,Female,60,Chennai,Current,Self-Employed,Single,449107,2025-04-16
C0218,Matthew Bowers,Female,70,Hyderabad,Salary,Unemployed,Single,784218,2020-08-26
C0219,Cynthia Cruz,Female,35,Mumbai,Savings,Employed,Single,1056616,2022-11-27
C0220,Mark Jones,Male,59,Bengaluru,Salary,Student,Married,2494650,2021-03-23
C0221,Alexandria Ward,Female,57,Hyderabad,Salary,Employed,Single,1582481,2022-05-03
C0222,James Combs,Male,41,Chennai,Salary,Student,Married,461424,2024-04-25
C0223,Joshua Thompson,Female,20,Kolkata,Salary,Unemployed,Single,1188250,2024-07-03
C0224,William Jones,Male,22,Hyderabad,Savings,Self-Employed,Married,2270120,2024-08-04
C0225,Alexis Lewis,Male,31,Delhi,Savings,Unemployed,Divorced,505814,2021-12-11
C0226,Tiffany Sanders,Male,44,Kolkata,Salary,Self-Employed,Divorced,348319,2022-05-12
C0227,Micheal Wang,Female,37,Bengaluru,Salary,Employed,Married,1650581,2023-12-28
C0228,James Davidson,Male,67,Hyderabad,Salary,Unemployed,Married,496801,2021-09-16
C0229,Brittany Miller,Male,56,Kolkata,Savings,Unemployed,Married,1945837,2025-06-14
C0230,Thomas Mccann,Male,49,Mumbai,Savings,Unemployed,Single,538033,2022-01-16
C0231,Gabriel Willis,Male,24,Bengaluru,Savings,Employed,Divorced,2208113,2024-11-03
C0232,Marie Day,Female,63,Delhi,Savings,Employed,Single,743013,2022-09-29
C0233,Jeffrey Ashley,Female,52,Hyderabad,Current,Self-Employed,Married,1334594,2021-12-03
C0234,David Middleton,Male,68,Delhi,Savings,Student,Married,375074,2023-05-30
C0235,Logan Brown,Male,54,Hyderabad,Current,Unemployed,Single,636464,2024-05-08
C0236,Mary Thompson,Male,28,Delhi,Savings,Student,Single,349317,2021-01-29
C0237,Chad Smith,Female,34,Hyderabad,Savings,Unemployed,Married,2282877,2022-06-14
C0238,Gregory Holmes PhD,Female,24,Hyderabad,Current,Student,Divorced,2329046,2023-09-18
C0239,Jacob Brady,Male,56,Mumbai,Savings,Self-Employed,Married,1144746,2023-10-10
C0240,Morgan Wilson,Female,38,Delhi,Salary,Employed,Divorced,1669087,2021-08-14
C0241,Frances Patterson,Female,58,Kolkata,Savings,Student,Married,2009907,2021-06-02
C0242,Deborah Proctor,Male,62,Hyderabad,Savings,Employed,Single,2203168,2020-08-20
C0243,Kathleen Dixon,Male,42,Kolkata,Savings,Unemployed,Married,1472628,2022-03-20
C0244,Scott Jackson,Female,61,Bengaluru,Current,Unemployed,Married,1155274,2024-12-10
C0245,Raymond Shannon,Male,67,Hyderabad,Current,Student,Married,289939,2024-10-13
C0246,Ashley Yang,Female,62,Delhi,Salary,Student,Single,432182,2024-01-25
C0247,Scott Smith,Male,26,Mumbai,Current,Self-Employed,Single,310535,2021-10-07
C0248,Jack Mora,Female,39,Chennai,Salary,Student,Divorced,1022814,2021-04-25
C0249,Tyler Johnson,Male,29,Kolkata,Salary,Unemployed,Married,2440537,2022-01-02
C0250,Michelle Rios,Male,58,Bengaluru,Savings,Unemployed,Divorced,1791270,2024-07-17
C0251,David Moon,Female,66,Kolkata,Savings,Unemployed,Married,275895,2020-10-29
C0252,Roger Duncan,Male,62,Hyderabad,Current,Employed,Single,2222381,2025-01-06
C0253,Michael Williams,Female,38,Kolkata,Current,Student,Married,418692,2024-10-10
C0254,Jose Williams,Male,60,Bengaluru,Current,Student,Single,1823719,2021-06-30
C0255,Shawn Cline,Male,48,Kolkata,Savings,Unemployed,Married,1782208,2021-04-15
C0256,Emily Miller,Male,22,Kolkata,Salary,Employed,Single,725283,2024-08-06
C0257,Jacob Carter,Male,39,Mumbai,Current,Employed,Divorced,2002370,2021-08-08
C0258,Nancy Sanchez,Female,19,Chennai,Salary,Self-Employed,Married,1990269,2025-01-30
C0259,Wesley Cuevas,Female,56,Hyderabad,Savings,Employed,Divorced,777851,2020-07-03
C0260,Morgan Payne,Male,55,Bengaluru,Current,Self-Employed,Divorced,684791,2024-03-01
C0261,Brittany Randolph,Male,46,Bengaluru,Savings,Employed,Married,2036907,2024-12-07
C0262,Joshua Fields,Male,42,Hyderabad,Current,Unemployed,Divorced,694896,2024-01-28
C0263,Alexandra Rogers,Female,50,Delhi,Current,Student,Married,1742281,2023-08-24
C0264,Jamie Rojas,Male,58,Hyderabad,Current,Self-Employed,Single,1675510,2020-11-11
C0265,Daniel Bird,Female,65,Chennai,Current,Student,Divorced,1012208,2025-01-01
C0266,Tyrone Kaufman,Female,32,Kolkata,Salary,Employed,Single,1639173,2024-02-22
C0267,Douglas Williams,Male,50,Mumbai,Current,Self-Employed,Divorced,2030917,2022-06-12
C0268,Ryan Gutierrez,Male,55,Delhi,Savings,Student,Single,442944,2024-08-05
C0269,Judy Adkins,Male,63,Bengaluru,Current,Student,Single,1198958,2023-09-27
C0270,Kathy Walsh,Male,18,Chennai,Savings,Employed,Single,1173218,2023-06-24
C0271,Kevin Brown,Female,32,Mumbai,Savings,Unemployed,Single,585837,2025-05-24
C0272,Bianca Carter,Female,19,Hyderabad,Savings,Student,Single,242151,2021-04-29
C0273,Tammy Long,Female,57,Bengaluru,Savings,Student,Single,1152635,2024-02-11
C0274,Erika Chavez,Male,66,Kolkata,Savings,Student,Divorced,1932522,2021-08-19
C0275,Tony Taylor,Female,25,Hyderabad,Salary,Employed,Married,2449059,2022-08-29
C0276,Ashley Garcia,Male,37,Delhi,Salary,Employed,Single,392014,2024-07-21
C0277,Erik Martinez,Male,33,Chennai,Current,Self-Employed,Single,262489,2022-06-22
C0278,Randy Hayes,Female,65,Delhi,Savings,Employed,Divorced,1248250,2021-03-17
C0279,Samuel Davis,Female,45,Kolkata,Current,Student,Single,438587,2022-11-27
C0280,Elizabeth Bush,Female,66,Hyderabad,Current,Student,Married,521332,2025-02-13
C0281,Cindy Gates,Female,33,Kolkata,Current,Self-Employed,Single,437626,2023-12-21
C0282,Michael Schmitt,Male,57,Bengaluru,Salary,Student,Divorced,731484,2022-09-08
C0283,Anthony Evans,Female,23,Delhi,Savings,Unemployed,Divorced,2039436,2022-02-07
C0284,Carrie Crane,Male,21,Delhi,Current,Employed,Divorced,957463,2020-07-16
C0285,Kristi Pierce,Female,26,Delhi,Savings,Unemployed,Married,1385293,2020-07-22
C0286,Brian Leon,Female,41,Hyderabad,Current,Unemployed,Married,383372,2025-05-30
C0287,Antonio Norman,Male,49,Delhi,Current,Student,Married,1517539,2024-12-09
C0288,Craig Morales,Male,36,Hyderabad,Current,Self-Employed,Single,1666611,2021-07-01
C0289,Teresa Miller,Male,30,Hyderabad,Current,Student,Single,1224435,2024-11-30
C0290,Sylvia Jones,Male,27,Mumbai,Current,Employed,Divorced,1426467,2020-07-22
C0291,Christina Brewer PhD,Male,42,Bengaluru,Savings,Unemployed,Divorced,744069,2023-09-08
C0292,Ryan Lamb,Male,31,Hyderabad,Savings,Student,Married,1868572,2022-03-30
C0293,Tom Williams,Male,59,Chennai,Salary,Employed,Married,2207819,2023-03-08
C0294,Jessica Ramsey,Female,20,Mumbai,Savings,Self-Employed,Single,713283,2023-12-22
C0295,James Simmons MD,Female,33,Hyderabad,Salary,Student,Single,522138,2023-07-30
C0296,Denise Griffin,Female,64,Delhi,Salary,Self-Employed,Single,520352,2021-05-27
C0297,Lucas Jensen,Female,56,Kolkata,Savings,Self-Employed,Married,1249410,2021-10-23
C0298,Kathleen Andrade,Female,46,Kolkata,Current,Unemployed,Divorced,2480217,2024-02-13
C0299,Brandon Reyes,Male,65,Hyderabad,Current,Employed,Married,1063443,2025-06-22
C0300,Marvin Robles,Male,39,Delhi,Salary,Student,Divorced,2275883,2022-08-27
C0301,Zachary Stephens,Male,26,Mumbai,Current,Employed,Divorced,1697191,2022-09-19
C0302,James Reeves,Male,35,Mumbai,Salary,Unemployed,Married,1123951,2025-01-20
C0303,Richard Cooper,Male,38,Bengaluru,Salary,Student,Divorced,2060349,2024-02-05
C0304,Erica Nelson,Male,59,Kolkata,Salary,Student,Single,1469695,2025-04-19
C0305,Kyle Johnson,Female,68,Delhi,Salary,Self-Employed,Single,1739031,2023-08-10
C0306,Diana Stokes,Female,66,Mumbai,Current,Employed,Single,1427603,2022-11-03
C0307,Hunter Silva,Female,20,Mumbai,Savings,Self-Employed,Divorced,1224273,2023-11-16
C0308,Christopher Wright,Female,51,Chennai,Salary,Employed,Divorced,2409744,2022-03-24
C0309,Joseph Moody,Male,68,Hyderabad,Current,Student,Divorced,1322124,2024-01-04
C0310,Pamela Gould,Male,44,Bengaluru,Savings,Unemployed,Married,1537391,2025-03-11
C0311,Vickie Price,Female,59,Chennai,Salary,Unemployed,Divorced,2470876,2025-03-28
C0312,Wendy Thompson,Female,70,Kolkata,Current,Self-Employed,Married,2311603,2024-08-06
C0313,Evan Rojas,Female,36,Delhi,Savings,Employed,Divorced,637793,2022-01-06
C0314,Kevin Warner,Female,66,Hyderabad,Savings,Self-Employed,Single,426482,2023-08-24
C0315,Keith Thomas,Female,19,Hyderabad,Savings,Employed,Single,1653894,2025-04-02
C0316,Sara Cochran,Male,32,Kolkata,Salary,Unemployed,Married,1923162,2025-03-20
C0317,Kimberly Thompson,Male,64,Delhi,Salary,Student,Divorced,2239302,2024-08-10
C0318,Anthony Guzman,Male,39,Mumbai,Salary,Employed,Single,1373498,2022-08-27
C0319,John Rivera,Male,39,Mumbai,Savings,Unemployed,Single,529026,2023-02-07
C0320,Renee Peterson,Male,33,Delhi,Savings,Student,Single,1053771,2025-05-29
C0321,Robert Oneill,Female,31,Kolkata,Salary,Student,Married,775171,2023-06-04
C0322,Charles Bush,Female,52,Kolkata,Salary,Self-Employed,Married,2385211,2023-11-18
C0323,Brian Fox,Male,21,Bengaluru,Savings,Unemployed,Single,1166937,2021-09-01
C0324,Benjamin Bush,Male,60,Hyderabad,Savings,Self-Employed,Single,1479007,2021-07-04
C0325,Laurie Rogers,Male,33,Chennai,Salary,Employed,Divorced,1084031,2022-06-13
C0326,William Oconnor,Male,69,Delhi,Current,Employed,Married,714842,2024-04-17
C0327,Mark Freeman,Female,61,Hyderabad,Savings,Student,Married,1761916,2021-11-14
C0328,Michael Hoffman,Male,62,Hyderabad,Savings,Unemployed,Married,795428,2021-05-07
C0329,Lisa Kelly,Female,64,Kolkata,Salary,Unemployed,Single,350439,2022-04-27
C0330,Robin Gray,Female,32,Hyderabad,Salary,Self-Employed,Single,1186102,2024-10-26
C0331,Elizabeth Thompson,Female,56,Hyderabad,Current,Self-Employed,Married,2046657,2023-11-26
C0332,Michael Berry,Female,42,Hyderabad,Current,Unemployed,Single,2103219,2023-05-17
C0333,Patricia Bradley,Female,51,Mumbai,Salary,Student,Single,679151,2025-03-06
C0334,Evan Lamb,Female,38,Kolkata,Current,Student,Divorced,289295,2020-12-08
C0335,Margaret Garcia,Female,29,Hyderabad,Savings,Student,Single,2292569,2021-11-11
C0336,Gary Miller MD,Male,46,Kolkata,Salary,Self-Employed,Divorced,341583,2023-10-21
C0337,Mark Mccarty,Male,58,Bengaluru,Salary,Student,Married,1333714,2020-07-16
C0338,Meagan Daniel,Female,18,Hyderabad,Savings,Unemployed,Married,1365879,2021-04-09
C0339,Adam Clark,Male,22,Hyderabad,Savings,Student,Divorced,1811353,2021-09-24
C0340,Hayley Buchanan,Female,49,Kolkata,Savings,Employed,Single,1460022,2024-07-04
C0341,Amber Kim,Male,22,Bengaluru,Savings,Self-Employed,Married,554390,2024-03-13
C0342,Christopher Gutierrez,Male,30,Mumbai,Current,Employed,Single,450484,2021-03-30
C0343,Heather Bennett,Male,21,Mumbai,Salary,Self-Employed,Married,1370598,2021-01-15
C0344,Rachel Lane,Male,58,Mumbai,Salary,Unemployed,Single,1810345,2022-09-25
C0345,Courtney Hayes,Female,27,Mumbai,Current,Unemployed,Single,2277679,2022-05-20
C0346,Amanda Smith,Male,31,Mumbai,Salary,Employed,Single,279056,2023-08-26
C0347,Brian Peterson,Male,26,Kolkata,Current,Self-Employed,Divorced,1804691,2021-03-05
C0348,Candace Jones,Female,23,Hyderabad,Current,Student,Divorced,1813394,2020-10-25
C0349,Vanessa Morgan,Female,29,Hyderabad,Current,Self-Employed,Married,2062353,2023-10-07
C0350,Dr. Michele Reynolds,Female,55,Chennai,Salary,Student,Single,386292,2023-11-26
C0351,Lisa Hamilton,Male,53,Delhi,Salary,Unemployed,Divorced,1141405,2024-12-04
C0352,Gary Mccann,Female,68,Mumbai,Savings,Employed,Divorced,1062894,2022-12-07
C0353,Julian Frost,Male,31,Chennai,Current,Student,Single,1791012,2020-12-25
C0354,Mary Evans,Male,33,Chennai,Savings,Unemployed,Single,973542,2021-12-26
C0355,James Dunn,Female,50,Chennai,Current,Employed,Single,2008101,2024-09-12
C0356,Anthony Smith Jr.,Male,23,Kolkata,Current,Student,Single,2433433,2024-03-24
C0357,Lori Castillo,Male,45,Bengaluru,Salary,Self-Employed,Married,419192,2020-08-02
C0358,Daniel Little,Female,64,Hyderabad,Salary,Student,Divorced,1479883,2022-03-18
C0359,Kara Wilson,Male,47,Hyderabad,Savings,Employed,Married,331307,2024-11-25
C0360,Kaitlin Jacobson,Male,37,Mumbai,Savings,Employed,Married,2471421,2022-12-05
C0361,Martin Hughes,Male,28,Chennai,Salary,Self-Employed,Married,1658797,2022-02-25
C0362,James Lopez,Female,64,Delhi,Current,Self-Employed,Divorced,309018,2020-10-12
C0363,Jeremiah Baker,Female,30,Kolkata,Salary,Student,Married,1610201,2024-11-02
C0364,Kristy Hernandez,Male,33,Kolkata,Savings,Self-Employed,Divorced,1301142,2024-11-18
C0365,Anne Barnett,Female,45,Hyderabad,Current,Student,Married,1108251,2022-06-19
C0366,Jennifer Avila,Male,29,Hyderabad,Savings,Self-Employed,Divorced,314693,2021-12-08
C0367,Antonio Hughes,Male,56,Kolkata,Salary,Unemployed,Married,1630024,2020-10-20
C0368,Tracie Mcdaniel,Male,33,Bengaluru,Savings,Self-Employed,Married,2020646,2023-07-22
C0369,Laura Young,Male,37,Chennai,Salary,Self-Employed,Married,1993271,2022-07-13
C0370,James Nash,Female,36,Delhi,Savings,Employed,Married,439572,2020-06-30
C0371,Kenneth Black,Male,54,Mumbai,Salary,Unemployed,Single,658060,2021-11-01
C0372,Vickie Hernandez,Male,46,Bengaluru,Current,Unemployed,Married,1827853,2021-03-26
C0373,Joann Rush,Female,58,Mumbai,Current,Employed,Married,1405520,2022-11-04
C0374,Daniel Lee,Male,30,Hyderabad,Salary,Unemployed,Divorced,2442951,2023-11-22
C0375,Blake Vega,Female,35,Chennai,Salary,Unemployed,Married,2144070,2023-07-02
C0376,Rodney Hernandez,Male,68,Delhi,Salary,Employed,Divorced,1977692,2023-11-09
C0377,Emma Acosta,Male,48,Kolkata,Savings,Student,Divorced,2376478,2023-12-11
C0378,Angie Hawkins,Male,23,Hyderabad,Savings,Student,Divorced,1290941,2025-06-24
C0379,Shannon Stone,Male,41,Mumbai,Current,Student,Married,881779,2022-03-14
C0380,Alexandria Graves,Male,43,Kolkata,Salary,Student,Single,1799250,2024-11-24
C0381,Rachael Rodriguez,Female,42,Chennai,Current,Unemployed,Married,2160134,2020-08-16
C0382,Keith Aguilar,Male,28,Chennai,Salary,Unemployed,Divorced,1199196,2021-01-29
C0383,Ariel Garcia,Male,48,Chennai,Current,Student,Divorced,753114,2021-04-06
C0384,Rachel Dillon,Male,46,Kolkata,Current,Unemployed,Divorced,263683,2025-03-03
C0385,Sherry Baker,Female,45,Mumbai,Salary,Employed,Divorced,1377341,2022-11-30
C0386,Laura Kennedy,Male,50,Chennai,Current,Self-Employed,Single,1350886,2025-04-02
C0387,Jamie Montgomery,Female,57,Chennai,Savings,Student,Single,558767,2025-06-15
C0388,Jennifer Foster,Male,65,Chennai,Savings,Student,Married,1248293,2023-06-16
C0389,Melissa Williams,Female,45,Hyderabad,Savings,Unemployed,Single,2476687,2023-06-14
C0390,Derrick Watson,Female,66,Hyderabad,Savings,Self-Employed,Divorced,1440779,2022-11-06
C0391,Riley Collins,Male,27,Mumbai,Salary,Self-Employed,Single,1615713,2022-06-03
C0392,Shannon Cohen,Female,70,Delhi,Savings,Student,Married,1855077,2022-02-24
C0393,Crystal Turner,Female,68,Hyderabad,Salary,Student,Married,361926,2024-05-12
C0394,Patricia Flores,Male,48,Mumbai,Salary,Unemployed,Single,1350371,2023-12-07
C0395,Lisa Davis,Female,19,Delhi,Savings,Student,Single,1717058,2025-05-21
C0396,Thomas Russell,Male,66,Chennai,Salary,Unemployed,Divorced,1327208,2020-07-14
C0397,Mr. James Brown,Male,42,Hyderabad,Current,Employed,Divorced,1250728,2022-09-19
C0398,Ana Mckinney,Male,45,Delhi,Salary,Employed,Divorced,251754,2021-12-25
C0399,Richard Warren,Male,23,Mumbai,Salary,Employed,Married,721378,2023-12-16
C0400,Carrie Golden,Male,66,Chennai,Salary,Employed,Married,1487211,2024-10-19
C0401,Anthony Johnson,Male,37,Kolkata,Salary,Employed,Single,1546327,2021-05-26
C0402,Isaac Gonzalez,Female,56,Bengaluru,Current,Student,Divorced,1309466,2025-03-31
C0403,John Sanders,Female,52,Mumbai,Current,Employed,Single,949876,2021-02-09
C0404,Melanie Allen,Female,27,Mumbai,Savings,Student,Single,2061468,2024-10-10
C0405,Jeremy Horne MD,Female,53,Delhi,Current,Employed,Married,2140806,2022-12-31
C0406,Hailey Monroe,Male,64,Chennai,Salary,Student,Divorced,272421,2023-05-22
C0407,Ronald Davis,Male,29,Delhi,Current,Employed,Single,2045113,2021-06-28
C0408,Anthony Nash,Male,34,Hyderabad,Salary,Unemployed,Married,237206,2024-11-10
C0409,Cindy Walker,Female,42,Delhi,Savings,Student,Divorced,2156389,2022-09-08
C0410,Daniel Pearson,Male,47,Mumbai,Savings,Self-Employed,Divorced,355205,2025-01-26
C0411,Sharon Coffey,Female,37,Chennai,Savings,Self-Employed,Divorced,1704596,2025-05-21
C0412,Kara Anderson,Male,47,Bengaluru,Savings,Student,Married,2214137,2022-08-16
C0413,Robert Walker,Male,36,Mumbai,Salary,Student,Divorced,1113697,2024-04-05
C0414,Terri Marquez,Female,42,Mumbai,Savings,Employed,Single,1913838,2023-09-14
C0415,Desiree Woodard,Male,53,Mumbai,Current,Self-Employed,Married,445722,2025-04-14
C0416,Judy Robinson,Female,56,Chennai,Savings,Student,Divorced,533643,2024-08-10
C0417,Joseph Hanson,Male,48,Bengaluru,Salary,Employed,Married,1359497,2022-07-25
C0418,Adrienne Key,Male,22,Bengaluru,Savings,Unemployed,Married,1517122,2023-05-21
C0419,Sara Hoffman,Female,39,Chennai,Current,Student,Married,468617,2024-05-25
C0420,Diane Cohen,Male,26,Delhi,Savings,Student,Divorced,2047337,2024-05-31
C0421,Mr. Donald Nguyen,Male,63,Kolkata,Current,Student,Married,954152,2025-06-27
C0422,Matthew Farley,Female,48,Hyderabad,Savings,Employed,Married,1282159,2020-09-22
C0423,Chelsea Holmes,Female,30,Mumbai,Salary,Unemployed,Married,1358233,2024-08-05
C0424,Anthony Mathews,Female,27,Delhi,Savings,Self-Employed,Single,1288593,2021-06-26
C0425,Jennifer Flores,Female,30,Bengaluru,Savings,Unemployed,Single,2275882,2022-09-09
C0426,Alexander Jimenez,Male,18,Mumbai,Salary,Unemployed,Divorced,733609,2021-01-25
C0427,Terry Sullivan,Female,18,Chennai,Savings,Unemployed,Divorced,1153864,2023-10-01
C0428,Lauren Cooley,Female,50,Bengaluru,Savings,Unemployed,Divorced,931886,2022-05-15
C0429,Grace Reeves,Female,64,Hyderabad,Salary,Student,Married,816150,2022-06-14
C0430,Margaret Alvarez,Female,64,Chennai,Current,Self-Employed,Divorced,407952,2023-03-07
C0431,Heather Evans,Female,41,Kolkata,Salary,Employed,Single,1175899,2024-01-02
C0432,Matthew Grant,Female,49,Delhi,Salary,Student,Married,680023,2023-07-02
C0433,John Figueroa,Female,43,Chennai,Current,Employed,Married,361488,2024-11-20
C0434,Kristin Gaines,Male,44,Kolkata,Current,Employed,Divorced,972823,2025-01-19
C0435,Stephanie Pena,Male,43,Hyderabad,Savings,Employed,Married,2325334,2020-07-30
C0436,Daniel Savage,Male,65,Bengaluru,Salary,Self-Employed,Married,2046789,2022-09-26
C0437,Stephen Watson,Male,41,Chennai,Salary,Unemployed,Single,1530997,2022-08-10
C0438,Julie Wilson,Female,42,Bengaluru,Current,Unemployed,Single,375974,2022-12-09
C0439,Mark Carpenter,Male,49,Chennai,Salary,Unemployed,Married,1156101,2021-04-14
C0440,Kaitlyn Lee,Female,37,Chennai,Savings,Self-Employed,Divorced,455067,2023-11-21
C0441,Michael Moreno,Male,59,Chennai,Current,Student,Single,1286554,2023-05-28
C0442,Seth Hernandez,Female,55,Delhi,Salary,Self-Employed,Married,1279802,2021-02-21
C0443,Grace Benitez DVM,Female,22,Hyderabad,Current,Student,Divorced,267604,2025-03-18
C0444,Mrs. Shannon White,Female,44,Mumbai,Current,Self-Employed,Single,1681994,2022-01-05
C0445,Gary Hatfield,Male,20,Hyderabad,Savings,Student,Divorced,2466775,2024-07-19
C0446,Anthony Hayes,Female,25,Mumbai,Salary,Employed,Married,387624,2023-03-02
C0447,Raymond Johnston,Female,42,Delhi,Savings,Student,Divorced,1184389,2023-07-03
C0448,Richard Chan,Male,54,Mumbai,Current,Self-Employed,Divorced,1666872,2022-05-10
C0449,Jeffrey Jordan,Male,28,Delhi,Savings,Student,Divorced,657864,2025-05-17
C0450,John Smith,Male,30,Delhi,Salary,Self-Employed,Single,524971,2022-10-13
C0451,Monica Dodson,Female,66,Bengaluru,Current,Student,Married,2326251,2022-01-18
C0452,Nicole Schmidt,Female,45,Delhi,Savings,Unemployed,Married,2061485,2022-02-10
C0453,Aaron Gross,Female,34,Delhi,Current,Self-Employed,Married,674722,2024-09-27
C0454,Shawn Collins,Male,67,Chennai,Savings,Student,Single,2343438,2022-03-12
C0455,Jonathan Torres,Male,66,Chennai,Salary,Self-Employed,Married,524849,2022-06-29
C0456,Angel Fry,Female,64,Delhi,Salary,Employed,Single,1193960,2022-07-22
C0457,Joseph Warren,Female,40,Chennai,Salary,Self-Employed,Married,1055813,2022-10-02
C0458,Michael Anderson,Female,50,Bengaluru,Savings,Employed,Single,1566458,2022-04-03
C0459,Katherine Christensen MD,Female,63,Bengaluru,Salary,Student,Single,1757594,2022-06-12
C0460,Robin Smith,Female,49,Delhi,Salary,Unemployed,Married,1944703,2022-03-21
C0461,William Clark,Female,58,Hyderabad,Salary,Self-Employed,Divorced,499444,2022-08-14
C0462,Jonathan Martinez,Female,62,Chennai,Current,Unemployed,Single,1988767,2023-07-11
C0463,Rebecca Brooks,Female,41,Kolkata,Salary,Self-Employed,Single,1387342,2021-10-27
C0464,Patricia Dean,Female,62,Mumbai,Current,Employed,Married,800118,2021-05-27
C0465,Amber Rodriguez,Female,21,Chennai,Salary,Employed,Married,303576,2021-07-07
C0466,Amber Wilson,Female,59,Bengaluru,Salary,Employed,Single,1569610,2021-02-28
C0467,Caleb King,Female,42,Bengaluru,Salary,Student,Married,1711152,2024-09-07
C0468,Christine Jennings,Male,45,Kolkata,Salary,Employed,Married,1605032,2020-07-20
C0469,Jason Garcia,Male,65,Hyderabad,Savings,Self-Employed,Divorced,1911852,2025-02-06
C0470,Lisa Haynes,Female,33,Delhi,Current,Employed,Single,1771671,2020-11-08
C0471,Steven Hunt,Male,33,Kolkata,Savings,Employed,Single,2174196,2024-08-06
C0472,Diane Glover,Female,48,Kolkata,Current,Student,Married,1433389,2023-08-27
C0473,Mr. Richard Decker DVM,Male,20,Mumbai,Current,Employed,Single,330683,2023-03-06
C0474,Jason Martin,Female,70,Bengaluru,Savings,Self-Employed,Married,872400,2024-09-06
C0475,Susan Watts,Male,41,Hyderabad,Salary,Student,Married,1744770,2025-05-19
C0476,Mr. Adam Davis,Female,58,Kolkata,Salary,Unemployed,Divorced,387110,2022-10-31
C0477,Kenneth Snyder,Male,63,Hyderabad,Current,Self-Employed,Divorced,1420008,2024-09-01
C0478,Penny Jones,Female,61,Delhi,Savings,Self-Employed,Divorced,829410,2022-01-19
C0479,Summer Newman,Male,19,Chennai,Current,Self-Employed,Single,307102,2024-11-04
C0480,William Baker,Male,62,Delhi,Savings,Unemployed,Single,645569,2022-11-17
C0481,Robert Sawyer,Male,60,Mumbai,Salary,Self-Employed,Divorced,1087009,2023-11-18
C0482,Heather Rhodes,Male,59,Hyderabad,Salary,Self-Employed,Married,1513260,2022-05-21
C0483,Brian York,Female,27,Hyderabad,Current,Student,Single,2342434,2025-05-26
C0484,Alexandra Taylor,Male,34,Bengaluru,Current,Unemployed,Divorced,2331470,2021-08-02
C0485,Erin Kline,Male,56,Hyderabad,Savings,Employed,Single,1643061,2020-12-15
C0486,Debra Quinn,Female,47,Hyderabad,Current,Unemployed,Married,1101224,2024-12-19
C0487,Grant Wilson,Male,61,Hyderabad,Savings,Employed,Divorced,1788968,2024-02-04
C0488,Jesus Houston,Female,27,Delhi,Current,Self-Employed,Single,336732,2024-07-25
C0489,Karen Fisher,Female,34,Hyderabad,Savings,Employed,Married,829458,2025-02-04
C0490,Carol Anderson,Female,33,Bengaluru,Current,Employed,Single,1798405,2020-10-09
C0491,Vicki Richard,Female,56,Chennai,Savings,Employed,Single,529022,2024-10-08
C0492,Thomas Webb,Male,55,Hyderabad,Savings,Student,Married,524267,2023-06-13
C0493,Jessica Carr,Male,60,Hyderabad,Savings,Employed,Married,1141961,2023-11-05
C0494,Lisa Huffman,Female,28,Chennai,Salary,Employed,Single,2311814,2021-12-25
C0495,Monica Snow,Male,18,Chennai,Current,Self-Employed,Divorced,2499455,2024-05-20
C0496,Mr. Stephen Alexander,Female,25,Delhi,Salary,Unemployed,Divorced,1953555,2021-07-08
C0497,Matthew Smith,Female,67,Kolkata,Savings,Unemployed,Married,2460593,2024-11-26
C0498,Kelly Manning,Female,23,Delhi,Salary,Self-Employed,Married,708527,2024-05-29
C0499,Courtney Sosa,Female,59,Bengaluru,Current,Employed,Married,2413570,2023-03-07
C0500,Kelly Watts,Female,63,Kolkata,Savings,Employed,Single,415719,2020-07-26
C0501,Jessica Barber,Male,42,Kolkata,Current,Student,Married,2181092,2020-08-05
C0502,Mr. Martin Hernandez,Female,43,Mumbai,Savings,Unemployed,Married,2399694,2022-04-15
C0503,Stephanie Salazar,Male,63,Chennai,Savings,Self-Employed,Divorced,2382447,2023-09-21
C0504,Timothy Wagner,Female,55,Delhi,Current,Student,Married,2049761,2025-06-09
C0505,Jon Martin,Male,23,Mumbai,Salary,Employed,Single,1529340,2021-05-09
C0506,Erica Rivera,Male,51,Bengaluru,Salary,Student,Divorced,1329034,2023-04-07
C0507,Jonathon Pierce,Male,30,Mumbai,Savings,Employed,Married,1017988,2023-07-28
C0508,Robert Miller,Female,45,Chennai,Savings,Student,Divorced,1429204,2022-09-14
C0509,Kenneth Miller,Male,28,Mumbai,Savings,Employed,Married,1223531,2022-02-01
C0510,Mr. William Mcgee Jr.,Female,45,Hyderabad,Savings,Student,Divorced,1578602,2025-02-28
C0511,Andrew Dunn,Female,34,Chennai,Current,Employed,Single,1219523,2022-09-24
C0512,Rebecca Richmond,Female,62,Kolkata,Savings,Self-Employed,Divorced,1718191,2022-07-06
C0513,Stefanie Hart,Male,37,Mumbai,Current,Student,Single,1168425,2022-10-15
C0514,Joy Peterson,Female,50,Bengaluru,Salary,Student,Married,2111852,2024-07-03
C0515,Ruth Richard,Male,52,Hyderabad,Current,Unemployed,Single,1520435,2023-05-31
C0516,Randall Greene,Female,60,Mumbai,Savings,Student,Married,684093,2023-08-10
C0517,Heidi Chavez,Female,42,Bengaluru,Salary,Self-Employed,Divorced,1211022,2022-01-22
C0518,Matthew Smith,Male,55,Bengaluru,Salary,Self-Employed,Single,2066496,2024-09-26
C0519,Mark Marsh,Female,37,Bengaluru,Savings,Unemployed,Married,1919353,2024-02-07
C0520,Jacqueline Rodriguez,Female,64,Delhi,Salary,Employed,Married,1717839,2022-04-15
C0521,Katherine Underwood,Male,44,Delhi,Savings,Self-Employed,Single,534244,2024-01-23
C0522,Jennifer King,Female,66,Bengaluru,Salary,Employed,Married,1676330,2023-08-30
C0523,Bryan Phelps,Male,64,Mumbai,Savings,Employed,Divorced,2320822,2023-08-08
C0524,Roger Lee,Male,23,Mumbai,Current,Unemployed,Divorced,520628,2023-11-26
C0525,Peter Williams,Female,24,Kolkata,Current,Unemployed,Married,1719583,2022-11-15
C0526,Megan Martinez,Male,58,Delhi,Savings,Student,Divorced,2230691,2024-04-30
C0527,Judith Lawrence,Female,54,Kolkata,Savings,Employed,Single,1166157,2022-01-09
C0528,Tracey Smith,Female,67,Mumbai,Savings,Self-Employed,Married,2083108,2025-05-10
C0529,Kristen Reynolds,Female,69,Mumbai,Salary,Unemployed,Married,1956785,2021-08-11
C0530,Tammy Norman,Male,40,Delhi,Savings,Employed,Single,1163697,2025-05-24
C0531,Melissa Thompson,Female,70,Chennai,Savings,Self-Employed,Single,725467,2022-06-10
C0532,Ashley Sandoval,Female,27,Hyderabad,Savings,Employed,Divorced,2454924,2021-05-06
C0533,Erica Keith,Female,35,Bengaluru,Savings,Employed,Married,1227369,2022-10-16
C0534,Lee Schwartz,Female,65,Chennai,Current,Self-Employed,Divorced,1909671,2022-07-02
C0535,James Cooper,Female,31,Kolkata,Savings,Self-Employed,Married,779401,2025-03-21
C0536,Robert Taylor,Male,65,Mumbai,Salary,Unemployed,Divorced,1291689,2024-03-03
C0537,Stacey Hunt,Male,43,Chennai,Salary,Employed,Divorced,1403283,2023-09-26
C0538,Kimberly Edwards,Male,62,Bengaluru,Savings,Self-Employed,Divorced,1632655,2022-03-01
C0539,Kristen Robinson,Male,37,Hyderabad,Savings,Employed,Married,1516358,2021-09-26
C0540,Miguel Parks,Female,18,Chennai,Savings,Unemployed,Married,694776,2021-10-07
C0541,Brandi Page,Female,28,Bengaluru,Salary,Self-Employed,Married,541860,2024-07-08
C0542,Cassandra Daniels,Female,70,Chennai,Salary,Self-Employed,Married,1913384,2020-07-30
C0543,Michelle Hodges,Male,49,Bengaluru,Current,Employed,Married,1965896,2021-12-30
C0544,Lauren Bender,Female,18,Chennai,Salary,Self-Employed,Married,2318232,2024-01-30
C0545,Megan English,Male,24,Mumbai,Savings,Unemployed,Married,822428,2024-09-29
C0546,Sherry Henderson,Female,22,Mumbai,Savings,Unemployed,Married,2272826,2021-08-21
C0547,Brian James,Male,67,Delhi,Savings,Student,Single,1030909,2024-11-22
C0548,Anthony Adams,Female,62,Bengaluru,Current,Self-Employed,Divorced,954621,2025-01-14
C0549,Victoria Vega,Male,44,Kolkata,Salary,Employed,Single,2104504,2023-03-07
C0550,Antonio Mueller,Female,51,Delhi,Current,Unemployed,Married,265063,2024-08-19
C0551,Joshua Howard,Female,44,Bengaluru,Savings,Unemployed,Single,899488,2023-01-18
C0552,Luis Lowe,Female,59,Hyderabad,Current,Student,Single,706625,2022-08-18
C0553,Courtney Holland,Male,36,Hyderabad,Current,Student,Divorced,1955843,2025-04-11
C0554,Jorge Robles,Male,64,Chennai,Current,Student,Married,1304679,2025-04-29
C0555,Melissa Williams,Male,45,Chennai,Savings,Student,Single,2170736,2020-11-25
C0556,Jason French,Male,28,Chennai,Savings,Self-Employed,Divorced,623605,2023-11-19
C0557,Tracy Brown,Male,29,Kolkata,Savings,Unemployed,Divorced,730151,2021-05-03
C0558,Christina Melton,Female,41,Kolkata,Salary,Self-Employed,Married,342923,2021-11-19
C0559,Jessica Perez,Male,29,Chennai,Salary,Self-Employed,Single,2009506,2021-01-02
C0560,Michelle Richardson,Male,63,Delhi,Current,Unemployed,Divorced,300375,2022-04-30
C0561,Nancy Gonzalez,Male,26,Bengaluru,Salary,Student,Divorced,900178,2022-08-29
C0562,Cheryl Cole,Male,30,Mumbai,Salary,Employed,Divorced,506245,2024-07-19
C0563,Mrs. Tonya Moss,Female,49,Hyderabad,Savings,Unemployed,Married,755232,2021-04-25
C0564,Andrew Ramirez,Female,29,Chennai,Savings,Self-Employed,Single,2359634,2024-04-27
C0565,Christopher Singleton,Male,50,Hyderabad,Savings,Self-Employed,Married,2420085,2023-05-05
C0566,John Pineda,Male,25,Delhi,Savings,Student,Single,1827868,2022-09-15
C0567,Timothy Carlson,Female,46,Hyderabad,Salary,Student,Married,1971500,2023-07-26
C0568,Lori Cameron,Male,54,Delhi,Current,Student,Divorced,1686326,2023-07-24
C0569,Richard Pierce,Female,70,Delhi,Savings,Student,Single,734576,2025-04-05
C0570,Michael Fox,Male,31,Kolkata,Salary,Unemployed,Married,1887441,2025-03-28
C0571,Kelly Hartman,Female,29,Chennai,Current,Unemployed,Divorced,1212651,2022-09-08
C0572,Joshua Powell,Male,30,Hyderabad,Savings,Employed,Married,1430574,2023-06-04
C0573,Stephen Alvarado,Male,21,Bengaluru,Savings,Student,Single,699246,2020-08-30
C0574,Edward Clements,Female,65,Mumbai,Savings,Student,Single,1612676,2023-12-31
C0575,Karen Hoffman,Female,29,Hyderabad,Savings,Self-Employed,Single,1611972,2021-07-11
C0576,Marie Wilson,Female,69,Hyderabad,Savings,Unemployed,Married,652027,2023-06-25
C0577,David May,Male,66,Bengaluru,Current,Unemployed,Divorced,389740,2022-03-10
C0578,Dana Williams,Male,30,Hyderabad,Current,Employed,Single,509340,2025-05-27
C0579,Jane Hogan,Male,34,Delhi,Savings,Student,Married,1688800,2025-05-24
C0580,David Ramsey,Female,44,Hyderabad,Current,Self-Employed,Divorced,2082803,2025-01-27
C0581,Jose Townsend,Female,46,Chennai,Salary,Employed,Single,1914944,2021-12-24
C0582,Katie Tucker,Male,58,Kolkata,Current,Unemployed,Married,2086403,2022-12-01
C0583,Matthew Flores,Female,57,Hyderabad,Savings,Student,Divorced,2027416,2023-07-08
C0584,Brendan Bonilla,Male,24,Kolkata,Salary,Unemployed,Married,1413374,2023-04-06
C0585,Kim Sims,Male,58,Delhi,Current,Unemployed,Divorced,2201127,2024-11-01
C0586,Mark Lewis,Male,28,Kolkata,Salary,Student,Married,764576,2024-08-22
C0587,Sara Harris,Female,23,Bengaluru,Salary,Employed,Single,969448,2024-04-18
C0588,Sherry Figueroa,Female,36,Kolkata,Savings,Employed,Single,2336469,2021-02-28
C0589,Robert Jones,Female,23,Chennai,Current,Self-Employed,Divorced,551438,2023-09-26
C0590,Allison Love,Male,42,Bengaluru,Savings,Unemployed,Divorced,838609,2022-12-07
C0591,Benjamin Thompson,Female,25,Bengaluru,Savings,Student,Divorced,232647,2024-06-09
C0592,Benjamin Underwood,Male,35,Kolkata,Savings,Self-Employed,Divorced,1751363,2021-09-23
C0593,Jennifer Hayes,Female,22,Chennai,Savings,Unemployed,Divorced,2102230,2021-12-02
C0594,Eugene Price,Female,39,Hyderabad,Current,Self-Employed,Divorced,1791212,2023-05-14
C0595,Aaron Cortez,Male,19,Delhi,Current,Employed,Single,1544009,2024-01-31
C0596,Patrick Williams,Male,55,Bengaluru,Savings,Self-Employed,Divorced,2039567,2025-05-11
C0597,Heather Shaw,Male,33,Hyderabad,Salary,Unemployed,Single,941226,2023-12-09
C0598,Michael Obrien,Female,48,Mumbai,Current,Unemployed,Divorced,2333504,2021-02-06
C0599,Timothy James,Male,49,Bengaluru,Savings,Self-Employed,Single,1371467,2021-03-02
C0600,Amanda Moore,Female,61,Kolkata,Current,Unemployed,Divorced,606422,2021-11-15
