Loan_ID,Customer_ID,Loan_Type,Loan_Amount,Interest_Rate,Tenure_Years,Loan_Status,Collateral,Loan_Purpose,Disbursed_Date
L0001,C0001,Personal Loan,4580271,10.38,24,Rejected,Yes,Education,2024-10-11
L0002,C0002,Auto Loan,5647290,10.48,8,Approved,No,Vehicle,2024-12-28
L0003,C0003,Home Loan,4733525,6.51,17,Approved,No,Medical,2024-06-06
L0004,C0004,Education Loan,2512204,7.85,20,Rejected,Yes,Vehicle,
L0005,C0005,Education Loan,6640386,7.26,8,Approved,Yes,Vehicle,2024-12-29
L0006,C0006,Home Loan,1072001,8.64,11,Rejected,Yes,Business,2022-09-02
L0007,C0007,Education Loan,7274221,11.85,22,Approved,No,Vehicle,
L0008,C0008,Education Loan,2069925,8.26,22,Rejected,Yes,Medical,2025-05-28
L0009,C0009,Education Loan,7864740,12.13,20,Approved,No,Vehicle,2023-11-08
L0010,C0010,Auto Loan,3363390,10.6,30,Rejected,Yes,Vehicle,2023-09-03
L0011,C0011,Home Loan,4803951,10.9,12,Approved,Yes,Vehicle,2023-11-12
L0012,C0012,Personal Loan,6187790,11.19,21,Approved,No,Medical,2023-12-04
L0013,C0013,Personal Loan,2856390,13.22,8,Rejected,No,Vehicle,2025-06-08
L0014,C0014,Home Loan,1586769,10.46,29,Approved,No,Vehicle,2023-12-05
L0015,C0015,Auto Loan,4672321,9.0,17,Rejected,No,Vehicle,2022-02-26
L0016,C0016,Home Loan,5603786,9.16,5,Approved,No,Education,2021-11-24
L0017,C0017,Home Loan,1779878,10.87,22,Rejected,Yes,Vehicle,2021-08-28
L0018,C0018,Home Loan,219213,12.73,29,Rejected,No,Housing,2023-06-16
L0019,C0019,Auto Loan,5846901,8.77,18,Rejected,Yes,Business,
L0020,C0020,Home Loan,3702911,12.5,25,Rejected,Yes,Business,2023-01-04
L0021,C0021,Auto Loan,768378,9.0,1,Rejected,Yes,Medical,
L0022,C0022,Personal Loan,2857963,11.81,27,Approved,Yes,Vehicle,2022-02-28
L0023,C0023,Home Loan,5526112,10.23,27,Approved,Yes,Education,2022-02-01
L0024,C0024,Education Loan,2160211,9.95,10,Approved,No,Medical,2022-08-16
L0025,C0025,Personal Loan,4125395,9.52,27,Approved,Yes,Housing,
L0026,C0026,Home Loan,273567,10.44,1,Rejected,No,Business,
L0027,C0027,Home Loan,934330,11.33,29,Approved,No,Medical,2023-01-22
L0028,C0028,Home Loan,1189491,7.22,12,Rejected,No,Education,2025-04-12
L0029,C0029,Home Loan,7910481,12.77,14,Rejected,No,Business,2023-12-22
L0030,C0030,Auto Loan,6386508,8.12,29,Rejected,No,Medical,2022-07-24
L0031,C0031,Auto Loan,6232211,12.57,22,Rejected,No,Education,
L0032,C0032,Auto Loan,2265881,7.93,4,Approved,No,Housing,2022-06-27
L0033,C0033,Education Loan,1517864,9.39,5,Rejected,Yes,Housing,2022-08-03
L0034,C0034,Personal Loan,5615150,13.47,29,Rejected,Yes,Vehicle,2024-12-11
L0035,C0035,Personal Loan,2552129,7.01,23,Rejected,Yes,Vehicle,2022-10-10
L0036,C0036,Personal Loan,5735558,11.27,19,Approved,Yes,Medical,2021-11-20
L0037,C0037,Auto Loan,2256648,13.33,20,Approved,No,Business,2023-12-04
L0038,C0038,Auto Loan,3586101,9.59,14,Rejected,Yes,Education,2023-03-14
L0039,C0039,Personal Loan,1457792,7.45,11,Rejected,Yes,Business,2023-12-02
L0040,C0040,Personal Loan,7699697,11.67,1,Approved,No,Education,2025-05-26
L0041,C0041,Home Loan,3677316,8.03,18,Approved,Yes,Education,2022-06-03
L0042,C0042,Auto Loan,1812058,7.18,26,Approved,No,Vehicle,2024-08-14
L0043,C0043,Personal Loan,6216652,8.3,28,Rejected,No,Education,2021-10-28
L0044,C0044,Personal Loan,1474954,12.93,26,Rejected,No,Vehicle,2024-07-29
L0045,C0045,Education Loan,3131891,9.36,5,Approved,No,Medical,2022-11-17
L0046,C0046,Personal Loan,918764,13.44,13,Approved,No,Education,2024-11-13
L0047,C0047,Home Loan,6518062,11.0,19,Approved,Yes,Vehicle,2023-07-20
L0048,C0048,Personal Loan,7916013,12.73,25,Rejected,Yes,Education,2022-03-26
L0049,C0049,Home Loan,2522449,12.75,12,Rejected,No,Education,
L0050,C0050,Auto Loan,2696210,7.15,18,Approved,Yes,Vehicle,2023-07-29
L0051,C0051,Education Loan,4649306,12.96,22,Rejected,Yes,Housing,2025-01-03
L0052,C0052,Home Loan,5901204,10.78,5,Approved,Yes,Education,2025-04-27
L0053,C0053,Home Loan,4702667,7.15,14,Rejected,No,Housing,2024-06-06
L0054,C0054,Personal Loan,5460510,8.25,22,Approved,Yes,Vehicle,2024-06-26
L0055,C0055,Education Loan,675372,10.69,9,Rejected,Yes,Medical,
L0056,C0056,Personal Loan,739428,11.72,3,Rejected,Yes,Housing,2023-12-13
L0057,C0057,Personal Loan,1405004,13.07,26,Approved,No,Medical,2024-12-25
L0058,C0058,Education Loan,7425110,8.19,18,Rejected,No,Education,
L0059,C0059,Personal Loan,1118719,9.83,13,Rejected,No,Vehicle,2025-05-10
L0060,C0060,Personal Loan,7255736,8.44,19,Approved,No,Education,2021-11-26
L0061,C0061,Personal Loan,7960988,7.67,13,Approved,Yes,Education,2024-01-11
L0062,C0062,Auto Loan,127919,11.8,12,Rejected,No,Vehicle,2024-03-24
L0063,C0063,Home Loan,2109502,11.6,14,Approved,No,Vehicle,2022-10-10
L0064,C0064,Home Loan,653499,12.98,21,Approved,Yes,Housing,2021-08-28
L0065,C0065,Personal Loan,6631914,9.93,3,Rejected,Yes,Vehicle,2024-08-09
L0066,C0066,Auto Loan,6562075,13.45,30,Rejected,Yes,Vehicle,2024-12-07
L0067,C0067,Education Loan,6764132,12.07,27,Approved,Yes,Education,2023-12-13
L0068,C0068,Education Loan,6462322,12.71,7,Approved,No,Education,2023-02-13
L0069,C0069,Education Loan,2365352,7.2,1,Approved,No,Education,2021-10-30
L0070,C0070,Personal Loan,1601313,10.03,18,Rejected,No,Housing,2024-10-24
L0071,C0071,Personal Loan,1051022,8.11,16,Rejected,Yes,Housing,2021-09-25
L0072,C0072,Home Loan,6516448,10.53,26,Rejected,No,Housing,2025-06-02
L0073,C0073,Home Loan,3885708,6.5,14,Approved,Yes,Housing,2024-10-10
L0074,C0074,Education Loan,2931405,11.37,4,Rejected,Yes,Education,2022-12-02
L0075,C0075,Education Loan,1118704,13.04,22,Rejected,No,Education,
L0076,C0076,Education Loan,4298188,11.77,27,Rejected,Yes,Education,
L0077,C0077,Personal Loan,6525671,10.39,22,Rejected,Yes,Housing,2022-12-23
L0078,C0078,Education Loan,7106092,7.65,29,Approved,No,Housing,2025-03-28
L0079,C0079,Education Loan,6639234,11.67,5,Rejected,Yes,Housing,2024-12-21
L0080,C0080,Home Loan,4584481,13.36,25,Rejected,No,Vehicle,2023-05-06
L0081,C0081,Auto Loan,4003196,10.5,7,Rejected,Yes,Medical,2023-04-09
L0082,C0082,Personal Loan,4384729,11.17,26,Rejected,Yes,Medical,
L0083,C0083,Education Loan,1124228,7.85,17,Approved,No,Medical,2025-06-15
L0084,C0084,Education Loan,4136949,12.26,11,Approved,Yes,Medical,2025-03-10
L0085,C0085,Auto Loan,5703576,8.14,19,Approved,Yes,Housing,2022-01-04
L0086,C0086,Auto Loan,5253675,6.82,11,Rejected,No,Housing,2025-03-13
L0087,C0087,Home Loan,2434554,7.76,30,Approved,Yes,Housing,2024-10-09
L0088,C0088,Education Loan,6689226,12.29,25,Approved,No,Vehicle,2022-06-18
L0089,C0089,Education Loan,798503,7.88,4,Approved,No,Vehicle,
L0090,C0090,Education Loan,3088517,8.56,9,Rejected,No,Vehicle,2024-09-04
L0091,C0091,Personal Loan,6718611,6.93,27,Rejected,No,Medical,2024-04-10
L0092,C0092,Auto Loan,872004,9.65,7,Approved,Yes,Medical,2025-02-09
L0093,C0093,Personal Loan,3063193,10.83,25,Approved,Yes,Housing,2024-01-22
L0094,C0094,Home Loan,1579738,6.72,9,Approved,Yes,Housing,2025-06-12
L0095,C0095,Education Loan,3353778,11.58,13,Rejected,No,Vehicle,2021-07-18
L0096,C0096,Personal Loan,6866267,11.57,18,Approved,No,Housing,
L0097,C0097,Education Loan,1687964,9.07,5,Rejected,Yes,Business,2024-03-11
L0098,C0098,Personal Loan,4674345,11.8,8,Approved,No,Education,2024-10-20
L0099,C0099,Personal Loan,2199466,11.83,19,Approved,No,Business,2024-03-09
L0100,C0100,Auto Loan,6184385,12.34,26,Rejected,No,Medical,2023-02-15
L0101,C0101,Auto Loan,252903,9.52,25,Approved,Yes,Housing,2021-09-23
L0102,C0102,Education Loan,7741350,11.32,10,Rejected,No,Business,2022-10-17
L0103,C0103,Auto Loan,7766179,12.34,28,Rejected,No,Housing,2023-09-23
L0104,C0104,Personal Loan,5303805,7.61,17,Approved,Yes,Education,2021-09-02
L0105,C0105,Auto Loan,6847589,9.15,9,Rejected,Yes,Vehicle,2022-11-09
L0106,C0106,Personal Loan,6754765,7.7,21,Rejected,Yes,Business,2023-10-17
L0107,C0107,Education Loan,6529733,6.75,29,Rejected,No,Business,2023-11-25
L0108,C0108,Education Loan,824978,7.73,2,Approved,No,Education,2022-02-18
L0109,C0109,Home Loan,632114,12.4,28,Rejected,Yes,Housing,2022-11-20
L0110,C0110,Personal Loan,1461405,9.44,1,Rejected,No,Vehicle,2023-08-20
L0111,C0111,Home Loan,1323167,7.09,27,Approved,No,Vehicle,2024-06-18
L0112,C0112,Education Loan,2969752,7.6,6,Approved,No,Housing,2022-06-08
L0113,C0113,Home Loan,1445027,7.01,16,Approved,Yes,Medical,2022-02-23
L0114,C0114,Education Loan,4479580,9.41,25,Approved,Yes,Business,2021-09-17
L0115,C0115,Auto Loan,6938543,9.54,8,Rejected,Yes,Medical,2024-05-12
L0116,C0116,Auto Loan,5884195,11.4,1,Approved,No,Vehicle,2024-08-10
L0117,C0117,Education Loan,4586304,7.66,1,Rejected,No,Education,2023-03-03
L0118,C0118,Home Loan,1728819,11.5,22,Rejected,Yes,Education,2023-05-24
L0119,C0119,Education Loan,4115545,11.5,28,Approved,Yes,Business,
L0120,C0120,Education Loan,7857062,12.69,17,Approved,No,Business,2024-09-12
L0121,C0121,Education Loan,6452813,10.22,14,Rejected,Yes,Medical,2024-01-11
L0122,C0122,Education Loan,5397995,12.81,20,Rejected,No,Vehicle,2023-12-11
L0123,C0123,Home Loan,3047610,10.64,13,Rejected,Yes,Business,2023-08-24
L0124,C0124,Education Loan,349889,13.23,30,Approved,Yes,Housing,2021-11-17
L0125,C0125,Auto Loan,2953643,10.6,29,Approved,No,Housing,2022-06-10
L0126,C0126,Auto Loan,7259729,8.81,13,Rejected,Yes,Housing,2023-05-02
L0127,C0127,Personal Loan,3365502,9.67,3,Approved,No,Education,2022-09-24
L0128,C0128,Auto Loan,6749358,12.3,2,Approved,Yes,Housing,2024-11-03
L0129,C0129,Auto Loan,6448132,10.66,4,Rejected,Yes,Medical,2023-03-05
L0130,C0130,Auto Loan,3727247,11.12,27,Approved,Yes,Medical,2022-02-15
L0131,C0131,Education Loan,968802,8.01,25,Approved,No,Education,2022-01-22
L0132,C0132,Personal Loan,6871913,9.64,13,Rejected,Yes,Housing,2022-12-05
L0133,C0133,Personal Loan,4398488,7.7,17,Approved,No,Business,2021-11-06
L0134,C0134,Personal Loan,6608403,12.36,7,Rejected,Yes,Business,2023-07-10
L0135,C0135,Personal Loan,6909951,9.62,3,Rejected,Yes,Business,
L0136,C0136,Home Loan,3476074,8.71,3,Approved,Yes,Vehicle,2023-12-05
L0137,C0137,Education Loan,1881404,10.74,22,Rejected,No,Medical,2024-08-31
L0138,C0138,Auto Loan,1505284,12.98,7,Approved,Yes,Medical,2021-09-15
L0139,C0139,Home Loan,1695040,12.09,27,Approved,Yes,Housing,2023-10-30
L0140,C0140,Personal Loan,5309955,12.35,20,Rejected,Yes,Business,2023-03-13
L0141,C0141,Home Loan,5447647,7.87,11,Approved,No,Housing,2022-08-12
L0142,C0142,Personal Loan,4155247,8.57,27,Rejected,Yes,Housing,
L0143,C0143,Home Loan,6588281,11.91,27,Rejected,Yes,Medical,2021-11-10
L0144,C0144,Home Loan,5018697,9.75,28,Approved,Yes,Medical,2023-03-12
L0145,C0145,Auto Loan,6372450,7.14,1,Approved,No,Medical,2023-08-19
L0146,C0146,Home Loan,5949835,10.57,2,Rejected,No,Medical,2023-05-06
L0147,C0147,Auto Loan,661202,12.08,3,Rejected,Yes,Business,2024-10-15
L0148,C0148,Education Loan,6346587,7.39,13,Approved,Yes,Housing,
L0149,C0149,Personal Loan,2002126,6.88,17,Approved,Yes,Housing,2024-06-19
L0150,C0150,Auto Loan,7100387,11.66,2,Rejected,No,Housing,
L0151,C0151,Personal Loan,5611531,10.23,20,Rejected,Yes,Medical,2022-01-19
L0152,C0152,Education Loan,7933250,12.5,21,Rejected,No,Business,2024-09-26
L0153,C0153,Auto Loan,7757815,10.42,9,Approved,Yes,Business,2022-01-26
L0154,C0154,Personal Loan,6649535,9.26,3,Rejected,Yes,Housing,2023-07-18
L0155,C0155,Personal Loan,4247119,11.05,10,Rejected,No,Housing,2023-11-16
L0156,C0156,Education Loan,4776294,11.49,21,Rejected,No,Education,2022-05-04
L0157,C0157,Auto Loan,6566266,12.22,20,Rejected,No,Business,2023-07-28
L0158,C0158,Personal Loan,3940750,6.87,3,Rejected,Yes,Housing,2023-03-07
L0159,C0159,Home Loan,3348703,7.76,28,Rejected,Yes,Medical,2024-04-09
L0160,C0160,Personal Loan,2802926,12.63,24,Approved,Yes,Vehicle,2023-12-05
L0161,C0161,Home Loan,5489910,12.09,11,Approved,No,Business,2022-05-01
L0162,C0162,Home Loan,3194312,8.18,2,Rejected,No,Housing,2023-11-19
L0163,C0163,Personal Loan,1770281,6.86,15,Rejected,Yes,Medical,2024-02-12
L0164,C0164,Auto Loan,7649500,12.51,14,Rejected,No,Vehicle,2024-08-16
L0165,C0165,Education Loan,452024,10.31,25,Rejected,No,Vehicle,2023-09-23
L0166,C0166,Education Loan,405173,7.02,6,Rejected,No,Business,2022-07-18
L0167,C0167,Personal Loan,3899279,10.27,28,Rejected,Yes,Vehicle,2022-07-12
L0168,C0168,Personal Loan,1677733,7.08,21,Rejected,Yes,Medical,2021-10-20
L0169,C0169,Home Loan,131220,10.18,17,Rejected,Yes,Housing,2022-08-18
L0170,C0170,Personal Loan,4889385,7.15,7,Rejected,Yes,Vehicle,2024-10-19
L0171,C0171,Home Loan,3081491,8.33,28,Approved,No,Vehicle,2023-04-30
L0172,C0172,Home Loan,243624,10.34,19,Approved,Yes,Housing,2022-11-15
L0173,C0173,Home Loan,5674903,12.3,15,Rejected,No,Business,2024-05-29
L0174,C0174,Auto Loan,7934289,6.81,21,Approved,No,Vehicle,
L0175,C0175,Personal Loan,3225070,9.93,14,Approved,No,Education,2025-06-05
L0176,C0176,Home Loan,5541831,12.37,21,Rejected,No,Medical,2023-12-12
L0177,C0177,Education Loan,2941436,7.48,5,Rejected,Yes,Medical,2021-11-17
L0178,C0178,Auto Loan,3585749,12.03,2,Approved,Yes,Vehicle,2021-12-22
L0179,C0179,Personal Loan,6389213,11.39,24,Approved,Yes,Education,2024-05-09
L0180,C0180,Personal Loan,7125619,7.13,12,Approved,No,Business,2023-04-04
L0181,C0181,Personal Loan,162392,7.53,8,Approved,Yes,Vehicle,2023-04-19
L0182,C0182,Personal Loan,2743839,9.6,21,Approved,No,Education,2023-01-19
L0183,C0183,Home Loan,7331037,9.45,9,Approved,No,Medical,2022-12-24
L0184,C0184,Auto Loan,3987962,10.94,9,Rejected,Yes,Vehicle,2022-04-22
L0185,C0185,Personal Loan,814921,7.06,1,Rejected,Yes,Vehicle,2022-11-11
L0186,C0186,Auto Loan,1224741,11.82,29,Approved,Yes,Vehicle,2022-12-18
L0187,C0187,Home Loan,7171784,9.73,16,Approved,No,Vehicle,2024-01-09
L0188,C0188,Home Loan,905116,11.27,15,Approved,No,Medical,2024-04-14
L0189,C0189,Education Loan,5088273,13.45,15,Approved,Yes,Education,2021-08-07
L0190,C0190,Personal Loan,4466389,8.86,20,Approved,No,Medical,
L0191,C0191,Personal Loan,4809467,6.73,10,Approved,Yes,Vehicle,2024-10-08
L0192,C0192,Home Loan,6526723,6.58,13,Rejected,No,Medical,2022-10-17
L0193,C0193,Education Loan,1077221,6.69,6,Rejected,No,Housing,2022-03-20
L0194,C0194,Personal Loan,5073484,11.15,2,Approved,No,Vehicle,2022-12-26
L0195,C0195,Personal Loan,1238923,6.67,23,Approved,Yes,Education,2024-02-13
L0196,C0196,Personal Loan,4071417,12.17,15,Approved,No,Vehicle,2024-12-28
L0197,C0197,Auto Loan,4246869,6.71,29,Rejected,Yes,Medical,2024-11-29
L0198,C0198,Auto Loan,4743808,8.76,5,Rejected,No,Vehicle,2023-05-18
L0199,C0199,Education Loan,4727194,11.8,24,Rejected,Yes,Vehicle,
L0200,C0200,Personal Loan,6189321,12.16,13,Approved,Yes,Vehicle,
L0201,C0201,Education Loan,6488629,10.6,25,Approved,No,Vehicle,2024-02-24
L0202,C0202,Personal Loan,2958026,7.08,28,Rejected,Yes,Housing,2022-02-12
L0203,C0203,Home Loan,1104561,7.83,14,Approved,No,Medical,2023-05-16
L0204,C0204,Personal Loan,5342431,13.17,22,Approved,Yes,Vehicle,2021-09-08
L0205,C0205,Personal Loan,6901729,7.19,5,Rejected,No,Medical,2025-06-05
L0206,C0206,Home Loan,372462,11.99,20,Rejected,No,Vehicle,2024-12-22
L0207,C0207,Home Loan,6694672,10.27,5,Rejected,Yes,Housing,2022-06-28
L0208,C0208,Education Loan,7106389,9.1,12,Rejected,No,Business,
L0209,C0209,Personal Loan,5452605,12.01,1,Rejected,Yes,Housing,2022-05-07
L0210,C0210,Home Loan,2759750,11.74,18,Rejected,Yes,Business,2024-05-30
L0211,C0211,Auto Loan,2163912,10.73,26,Approved,No,Vehicle,2023-02-01
L0212,C0212,Education Loan,2717733,11.53,3,Rejected,No,Medical,2022-02-28
L0213,C0213,Education Loan,4605366,13.42,24,Approved,Yes,Education,2024-09-20
L0214,C0214,Education Loan,6996816,8.69,28,Rejected,No,Business,2024-08-05
L0215,C0215,Education Loan,3670532,11.21,16,Rejected,No,Medical,2025-02-14
L0216,C0216,Education Loan,2561648,12.06,24,Rejected,No,Housing,2021-11-11
L0217,C0217,Auto Loan,426642,10.03,21,Rejected,Yes,Vehicle,2021-12-22
L0218,C0218,Education Loan,7302936,8.53,27,Rejected,No,Medical,2024-08-22
L0219,C0219,Auto Loan,994009,8.54,16,Approved,No,Medical,2021-09-23
L0220,C0220,Education Loan,560643,7.61,30,Approved,Yes,Housing,2022-07-13
L0221,C0221,Personal Loan,7977310,10.32,13,Approved,No,Vehicle,2024-02-20
L0222,C0222,Education Loan,2618303,7.54,30,Rejected,Yes,Education,2025-06-09
L0223,C0223,Personal Loan,5676945,11.18,2,Approved,No,Education,2022-02-15
L0224,C0224,Home Loan,1248563,10.28,6,Rejected,No,Housing,2025-03-11
L0225,C0225,Personal Loan,5937689,8.51,19,Rejected,No,Housing,2025-01-14
L0226,C0226,Home Loan,2266621,10.16,23,Approved,No,Education,2024-12-26
L0227,C0227,Auto Loan,6942531,11.88,30,Approved,Yes,Medical,2022-09-20
L0228,C0228,Auto Loan,3284157,7.55,20,Approved,No,Business,2021-07-22
L0229,C0229,Home Loan,1383765,12.27,3,Approved,No,Medical,2022-12-16
L0230,C0230,Education Loan,2454414,8.52,25,Approved,Yes,Vehicle,2024-06-12
L0231,C0231,Education Loan,2951633,10.85,25,Approved,No,Vehicle,2024-12-01
L0232,C0232,Education Loan,7228110,6.8,9,Approved,No,Vehicle,2021-12-20
L0233,C0233,Auto Loan,3556356,9.16,1,Approved,No,Education,2022-10-17
L0234,C0234,Auto Loan,724089,6.78,13,Approved,Yes,Medical,2023-05-31
L0235,C0235,Home Loan,4554034,9.54,30,Approved,Yes,Housing,2023-07-02
L0236,C0236,Auto Loan,3151651,6.68,17,Approved,No,Business,2021-08-05
L0237,C0237,Education Loan,730082,10.69,22,Approved,Yes,Housing,2022-11-28
L0238,C0238,Personal Loan,4279934,6.52,18,Rejected,Yes,Vehicle,2022-05-21
L0239,C0239,Home Loan,2686921,8.33,9,Approved,No,Housing,
L0240,C0240,Personal Loan,6296064,8.22,3,Approved,Yes,Vehicle,2024-08-23
L0241,C0241,Education Loan,2615073,8.92,7,Rejected,No,Business,
L0242,C0242,Personal Loan,3513080,8.89,7,Approved,Yes,Education,2023-10-14
L0243,C0243,Education Loan,290691,9.03,7,Approved,Yes,Housing,2022-05-26
L0244,C0244,Personal Loan,319343,10.11,15,Approved,No,Medical,2022-05-13
L0245,C0245,Auto Loan,2492055,10.21,8,Rejected,Yes,Business,2023-10-27
L0246,C0246,Education Loan,2849398,9.34,3,Rejected,No,Business,2023-09-21
L0247,C0247,Personal Loan,1650014,10.44,30,Rejected,No,Vehicle,2024-09-08
L0248,C0248,Personal Loan,6071013,8.15,5,Approved,Yes,Business,2022-08-06
L0249,C0249,Home Loan,880780,7.54,30,Approved,Yes,Housing,2023-10-31
L0250,C0250,Personal Loan,7393935,8.39,11,Rejected,Yes,Medical,2023-07-21
L0251,C0251,Education Loan,1252802,8.09,12,Rejected,No,Medical,2024-02-23
L0252,C0252,Auto Loan,7913236,8.75,23,Approved,No,Medical,2024-08-07
L0253,C0253,Education Loan,4503636,11.13,30,Approved,Yes,Business,2022-02-05
L0254,C0254,Education Loan,5157545,9.06,6,Rejected,Yes,Housing,2024-06-14
L0255,C0255,Education Loan,5129355,12.25,7,Rejected,No,Education,
L0256,C0256,Education Loan,7243486,12.0,12,Approved,Yes,Medical,2024-06-20
L0257,C0257,Auto Loan,939889,9.13,30,Rejected,No,Business,2024-05-04
L0258,C0258,Personal Loan,3141140,6.79,13,Approved,No,Medical,2021-07-29
L0259,C0259,Education Loan,1051051,11.5,4,Approved,No,Vehicle,
L0260,C0260,Personal Loan,898236,10.88,15,Rejected,Yes,Education,2023-02-06
L0261,C0261,Education Loan,2316268,6.87,18,Rejected,No,Housing,2023-12-23
L0262,C0262,Home Loan,6542440,7.96,30,Rejected,Yes,Housing,
L0263,C0263,Personal Loan,2899992,9.37,3,Rejected,No,Vehicle,2025-05-08
L0264,C0264,Personal Loan,2770192,12.49,15,Rejected,Yes,Vehicle,2024-04-26
L0265,C0265,Home Loan,7552509,10.41,1,Rejected,Yes,Education,2023-09-27
L0266,C0266,Auto Loan,1137897,10.83,7,Rejected,Yes,Business,2021-09-06
L0267,C0267,Auto Loan,1631918,12.01,28,Rejected,No,Housing,2022-08-01
L0268,C0268,Home Loan,4935288,6.62,29,Approved,Yes,Vehicle,
L0269,C0269,Auto Loan,1880989,10.87,30,Rejected,Yes,Vehicle,2022-03-22
L0270,C0270,Education Loan,4984084,10.95,6,Approved,Yes,Medical,2021-10-02
L0271,C0271,Education Loan,6814003,13.07,22,Approved,Yes,Education,2022-09-15
L0272,C0272,Education Loan,761348,12.97,4,Rejected,No,Medical,2022-05-08
L0273,C0273,Home Loan,2042125,7.79,3,Approved,Yes,Business,2024-11-07
L0274,C0274,Auto Loan,511702,6.95,20,Approved,Yes,Education,2024-06-17
L0275,C0275,Auto Loan,2419575,8.37,6,Rejected,No,Education,2024-02-15
L0276,C0276,Education Loan,2712955,6.83,1,Rejected,Yes,Education,
L0277,C0277,Home Loan,7158738,7.36,13,Approved,Yes,Vehicle,2022-08-26
L0278,C0278,Education Loan,6480663,9.24,4,Approved,Yes,Medical,2021-09-21
L0279,C0279,Home Loan,4715482,12.34,8,Rejected,No,Business,2023-06-23
L0280,C0280,Auto Loan,6432062,7.37,25,Approved,No,Vehicle,
L0281,C0281,Auto Loan,4640806,10.39,14,Approved,Yes,Vehicle,
L0282,C0282,Personal Loan,7758574,10.21,8,Rejected,No,Housing,2024-04-13
L0283,C0283,Auto Loan,7307933,6.53,27,Approved,Yes,Medical,2021-07-13
L0284,C0284,Personal Loan,768262,10.88,17,Rejected,Yes,Housing,2021-10-12
L0285,C0285,Home Loan,6908002,8.31,22,Approved,Yes,Business,2023-02-24
L0286,C0286,Home Loan,6079516,12.5,11,Approved,No,Business,2024-04-21
L0287,C0287,Personal Loan,4704813,7.74,5,Rejected,No,Business,2022-08-26
L0288,C0288,Auto Loan,7945104,13.14,15,Approved,Yes,Education,2024-04-25
L0289,C0289,Home Loan,4943262,9.99,16,Approved,No,Housing,2025-02-13
L0290,C0290,Home Loan,7400609,13.02,18,Rejected,No,Vehicle,
L0291,C0291,Personal Loan,5892184,10.11,19,Approved,Yes,Business,2025-05-19
L0292,C0292,Auto Loan,4680722,9.15,12,Approved,Yes,Business,2024-04-21
L0293,C0293,Home Loan,2593147,11.85,13,Approved,No,Business,2023-01-11
L0294,C0294,Education Loan,7702758,10.2,4,Rejected,No,Medical,2025-03-04
L0295,C0295,Education Loan,4733588,6.95,7,Approved,No,Housing,2021-12-15
L0296,C0296,Auto Loan,5618862,8.37,7,Approved,No,Business,2021-07-30
L0297,C0297,Education Loan,2595997,7.58,15,Approved,Yes,Medical,
L0298,C0298,Auto Loan,942515,6.96,3,Approved,No,Vehicle,2022-09-28
L0299,C0299,Auto Loan,7610537,11.38,29,Rejected,Yes,Education,2025-03-09
L0300,C0300,Auto Loan,3486059,10.83,22,Approved,Yes,Housing,2025-04-03
L0301,C0301,Auto Loan,6410765,8.57,18,Approved,No,Vehicle,2024-04-04
L0302,C0302,Home Loan,7908010,7.7,10,Rejected,No,Education,
L0303,C0303,Home Loan,441730,10.5,10,Rejected,Yes,Education,2023-02-21
L0304,C0304,Education Loan,2716341,11.19,9,Approved,Yes,Business,2022-06-25
L0305,C0305,Education Loan,7807774,11.61,19,Rejected,No,Medical,2023-02-12
L0306,C0306,Education Loan,7464898,9.35,2,Approved,No,Housing,2023-08-29
L0307,C0307,Home Loan,3624651,7.61,24,Approved,Yes,Vehicle,2024-07-07
L0308,C0308,Home Loan,879867,8.2,6,Approved,No,Housing,2021-12-02
L0309,C0309,Personal Loan,5618844,9.44,28,Approved,No,Housing,2025-05-05
L0310,C0310,Education Loan,2895642,11.52,19,Rejected,Yes,Housing,2022-11-03
L0311,C0311,Auto Loan,2356939,9.08,11,Rejected,No,Medical,2023-07-23
L0312,C0312,Education Loan,6316749,11.58,2,Approved,No,Education,2025-03-08
L0313,C0313,Auto Loan,536656,10.2,5,Approved,Yes,Business,2024-01-14
L0314,C0314,Personal Loan,1248330,8.0,28,Rejected,Yes,Medical,2023-10-04
L0315,C0315,Personal Loan,676696,8.67,13,Rejected,No,Business,2021-11-14
L0316,C0316,Personal Loan,891171,11.95,10,Rejected,Yes,Housing,2022-04-16
L0317,C0317,Home Loan,5035053,7.08,17,Rejected,Yes,Medical,2022-05-05
L0318,C0318,Education Loan,133633,12.61,2,Approved,No,Education,2023-08-17
L0319,C0319,Auto Loan,996144,12.25,27,Rejected,No,Education,
L0320,C0320,Education Loan,7577625,8.54,4,Rejected,Yes,Education,2023-06-12
L0321,C0321,Personal Loan,4101173,13.38,14,Rejected,Yes,Business,2023-11-18
L0322,C0322,Home Loan,456724,9.23,9,Approved,No,Medical,2025-06-09
L0323,C0323,Home Loan,4036128,8.98,10,Approved,Yes,Education,2024-07-11
L0324,C0324,Auto Loan,6890583,11.75,2,Rejected,No,Vehicle,2021-08-03
L0325,C0325,Home Loan,3129362,11.8,8,Rejected,No,Education,2021-08-31
L0326,C0326,Personal Loan,3505679,12.56,15,Approved,No,Vehicle,2022-07-20
L0327,C0327,Personal Loan,4646327,6.8,7,Approved,Yes,Vehicle,2025-06-02
L0328,C0328,Education Loan,996666,9.32,22,Rejected,Yes,Business,2023-10-01
L0329,C0329,Personal Loan,2316960,8.1,9,Rejected,No,Business,2022-10-17
L0330,C0330,Education Loan,1432169,11.23,27,Rejected,Yes,Housing,2022-12-01
L0331,C0331,Personal Loan,5056441,8.88,4,Rejected,No,Housing,2023-08-01
L0332,C0332,Education Loan,7982415,11.28,13,Approved,No,Housing,2023-03-04
L0333,C0333,Auto Loan,4807606,8.56,16,Approved,No,Medical,2024-08-30
L0334,C0334,Personal Loan,7608009,13.21,18,Rejected,No,Vehicle,
L0335,C0335,Home Loan,6761453,12.88,4,Rejected,Yes,Vehicle,2022-03-01
L0336,C0336,Home Loan,2176816,6.66,30,Approved,No,Education,2021-07-29
L0337,C0337,Personal Loan,787940,7.09,5,Approved,No,Education,2022-12-21
L0338,C0338,Home Loan,2902322,9.14,29,Approved,No,Business,2024-05-29
L0339,C0339,Auto Loan,1512472,9.38,15,Rejected,No,Medical,
L0340,C0340,Education Loan,1652976,8.46,24,Approved,No,Education,2022-12-29
L0341,C0341,Home Loan,5539892,8.53,26,Approved,Yes,Housing,2023-01-04
L0342,C0342,Personal Loan,7802110,10.53,16,Approved,No,Education,2024-02-27
L0343,C0343,Education Loan,4873245,12.2,22,Rejected,No,Medical,2022-10-13
L0344,C0344,Personal Loan,5977876,10.04,17,Approved,No,Housing,2022-07-02
L0345,C0345,Education Loan,7370341,12.93,6,Rejected,No,Medical,2023-08-18
L0346,C0346,Home Loan,971356,11.9,30,Rejected,Yes,Vehicle,2022-09-02
L0347,C0347,Home Loan,5391860,11.62,6,Approved,Yes,Business,2024-12-13
L0348,C0348,Education Loan,6913631,9.08,3,Approved,Yes,Housing,2021-10-05
L0349,C0349,Auto Loan,241310,10.39,1,Rejected,Yes,Medical,2024-02-28
L0350,C0350,Auto Loan,4045293,10.01,27,Rejected,Yes,Housing,2022-08-05
L0351,C0351,Education Loan,1932221,7.75,6,Approved,Yes,Housing,2025-03-26
L0352,C0352,Auto Loan,6213186,13.38,21,Approved,No,Business,2023-02-22
L0353,C0353,Auto Loan,6040489,8.82,3,Approved,No,Vehicle,2025-04-14
L0354,C0354,Auto Loan,1162513,13.31,29,Approved,Yes,Housing,2024-12-17
L0355,C0355,Personal Loan,1520775,9.76,16,Approved,No,Housing,2021-08-15
L0356,C0356,Auto Loan,6289632,12.32,29,Approved,Yes,Housing,2023-11-10
L0357,C0357,Personal Loan,6996909,6.93,27,Approved,No,Vehicle,2022-09-09
L0358,C0358,Personal Loan,7346291,11.32,19,Rejected,Yes,Business,2022-06-16
L0359,C0359,Home Loan,5824789,6.76,18,Rejected,Yes,Housing,2022-02-21
L0360,C0360,Education Loan,4375543,11.31,27,Approved,No,Vehicle,2022-12-13
L0361,C0361,Education Loan,2101408,6.9,6,Approved,Yes,Education,2025-04-24
L0362,C0362,Auto Loan,3521801,12.47,4,Approved,No,Medical,2023-03-03
L0363,C0363,Auto Loan,144346,8.17,21,Approved,Yes,Housing,2024-04-16
L0364,C0364,Auto Loan,5816091,12.92,7,Approved,Yes,Housing,2022-01-30
L0365,C0365,Education Loan,4487033,7.96,9,Rejected,No,Business,
L0366,C0366,Education Loan,7440642,11.86,17,Rejected,Yes,Education,2021-11-14
L0367,C0367,Home Loan,2392727,8.99,30,Rejected,No,Medical,
L0368,C0368,Auto Loan,4937632,12.3,14,Rejected,No,Housing,2024-08-07
L0369,C0369,Auto Loan,6766099,8.3,6,Rejected,Yes,Housing,2023-02-14
L0370,C0370,Home Loan,6222436,8.71,19,Approved,No,Business,2023-09-17
L0371,C0371,Personal Loan,6611760,11.46,18,Rejected,Yes,Education,2024-05-19
L0372,C0372,Personal Loan,7161867,9.26,11,Rejected,Yes,Medical,
L0373,C0373,Personal Loan,1673283,8.05,24,Approved,No,Housing,2024-02-07
L0374,C0374,Personal Loan,4232671,7.49,27,Approved,No,Vehicle,2025-03-17
L0375,C0375,Education Loan,4693297,7.22,16,Rejected,No,Education,2024-02-27
L0376,C0376,Personal Loan,2095748,7.16,26,Approved,Yes,Education,2024-06-01
L0377,C0377,Home Loan,598045,10.7,24,Approved,No,Housing,2022-06-19
L0378,C0378,Auto Loan,3704778,10.18,22,Approved,No,Housing,2023-04-10
L0379,C0379,Education Loan,1870059,11.55,20,Approved,Yes,Medical,2022-07-09
L0380,C0380,Education Loan,5244380,12.01,15,Rejected,Yes,Housing,2023-12-07
L0381,C0381,Education Loan,5694214,10.31,8,Rejected,Yes,Medical,2022-02-23
L0382,C0382,Auto Loan,3358480,10.75,25,Approved,No,Vehicle,2023-04-24
L0383,C0383,Auto Loan,1714570,7.89,14,Rejected,Yes,Business,2022-10-29
L0384,C0384,Home Loan,7020814,10.65,28,Approved,No,Housing,2025-05-14
L0385,C0385,Personal Loan,4527349,10.92,27,Rejected,No,Housing,2024-01-27
L0386,C0386,Personal Loan,2555398,7.89,8,Approved,Yes,Medical,2022-11-24
L0387,C0387,Education Loan,2987928,8.02,28,Rejected,Yes,Business,2023-05-29
L0388,C0388,Home Loan,1242616,9.33,27,Approved,No,Housing,2023-10-21
L0389,C0389,Auto Loan,3493364,8.76,18,Rejected,No,Vehicle,2022-01-21
L0390,C0390,Home Loan,5055739,8.08,8,Approved,No,Vehicle,2022-05-18
L0391,C0391,Education Loan,3552273,12.68,29,Approved,No,Business,2024-04-09
L0392,C0392,Education Loan,7739893,12.48,4,Approved,No,Vehicle,2022-02-01
L0393,C0393,Education Loan,4951397,11.56,28,Approved,No,Business,2023-12-20
L0394,C0394,Personal Loan,2513090,13.19,17,Approved,No,Business,2023-10-19
L0395,C0395,Education Loan,2359557,12.93,6,Approved,No,Education,2024-05-28
L0396,C0396,Education Loan,2189020,10.78,18,Rejected,Yes,Education,2024-11-24
L0397,C0397,Home Loan,5270610,10.03,22,Approved,No,Vehicle,2022-05-11
L0398,C0398,Auto Loan,7281822,11.81,11,Approved,No,Vehicle,2025-03-01
L0399,C0399,Auto Loan,7562234,8.79,14,Rejected,No,Medical,2022-01-31
L0400,C0400,Home Loan,1145629,9.23,1,Approved,Yes,Medical,2022-10-24
L0401,C0401,Auto Loan,6029943,9.73,11,Rejected,Yes,Vehicle,2024-06-04
L0402,C0402,Personal Loan,3625095,10.0,8,Rejected,No,Vehicle,2024-06-30
L0403,C0403,Education Loan,2239089,9.35,19,Approved,No,Vehicle,2025-04-26
L0404,C0404,Education Loan,5538650,10.37,25,Approved,No,Education,2023-09-22
L0405,C0405,Education Loan,5177254,12.55,15,Approved,No,Medical,2025-05-13
L0406,C0406,Personal Loan,4274819,12.74,24,Approved,No,Business,
L0407,C0407,Education Loan,112185,6.57,1,Rejected,No,Education,2022-01-27
L0408,C0408,Education Loan,1061424,7.79,16,Rejected,No,Vehicle,
L0409,C0409,Personal Loan,3501957,12.24,26,Approved,Yes,Business,2023-04-30
L0410,C0410,Auto Loan,5055464,13.48,23,Approved,No,Business,2025-05-13
L0411,C0411,Personal Loan,1703607,6.71,19,Rejected,No,Medical,2024-10-09
L0412,C0412,Personal Loan,6364491,7.25,18,Approved,No,Housing,2022-02-11
L0413,C0413,Auto Loan,2221782,11.95,24,Approved,Yes,Medical,2024-04-15
L0414,C0414,Personal Loan,5899044,7.28,21,Approved,Yes,Housing,2025-06-19
L0415,C0415,Auto Loan,1175344,7.4,14,Rejected,Yes,Vehicle,2023-11-25
L0416,C0416,Education Loan,4937005,10.68,13,Approved,No,Vehicle,2025-05-25
L0417,C0417,Home Loan,1646506,12.97,22,Approved,Yes,Education,2022-03-03
L0418,C0418,Home Loan,6932070,8.21,30,Approved,Yes,Medical,2022-11-06
L0419,C0419,Home Loan,5475592,9.14,4,Approved,No,Education,2021-10-14
L0420,C0420,Home Loan,4967104,9.81,15,Approved,No,Business,2023-11-13
L0421,C0421,Home Loan,1106441,11.42,16,Approved,No,Vehicle,2023-10-06
L0422,C0422,Personal Loan,5728955,8.35,23,Approved,No,Housing,2024-07-22
L0423,C0423,Education Loan,2186919,8.49,2,Rejected,Yes,Education,2021-12-31
L0424,C0424,Education Loan,1211059,13.35,13,Rejected,Yes,Housing,2022-04-13
L0425,C0425,Home Loan,6064872,7.34,28,Rejected,No,Housing,
L0426,C0426,Personal Loan,437274,11.57,16,Approved,No,Business,2022-11-06
L0427,C0427,Home Loan,2036557,9.41,8,Approved,No,Business,2025-01-25
L0428,C0428,Home Loan,2197118,6.52,29,Approved,Yes,Housing,2025-03-28
L0429,C0429,Education Loan,6348507,10.85,13,Approved,Yes,Education,2022-02-12
L0430,C0430,Personal Loan,490608,8.0,17,Approved,No,Business,2024-08-03
L0431,C0431,Home Loan,6234190,9.08,25,Approved,No,Vehicle,2021-08-15
L0432,C0432,Personal Loan,705651,12.04,26,Rejected,No,Vehicle,2024-10-02
L0433,C0433,Auto Loan,5838379,7.44,5,Rejected,Yes,Medical,2022-11-08
L0434,C0434,Auto Loan,3411141,6.91,28,Approved,Yes,Education,2025-03-29
L0435,C0435,Auto Loan,1215366,8.68,26,Approved,Yes,Education,
L0436,C0436,Home Loan,1929854,7.0,1,Approved,No,Housing,2023-04-05
L0437,C0437,Home Loan,2419861,7.36,12,Approved,Yes,Medical,2023-03-31
L0438,C0438,Personal Loan,1044670,10.18,25,Approved,Yes,Business,2022-10-15
L0439,C0439,Auto Loan,4919882,11.9,1,Approved,Yes,Education,2023-05-20
L0440,C0440,Auto Loan,123636,8.51,13,Rejected,Yes,Business,2024-09-01
L0441,C0441,Home Loan,5568139,10.27,18,Approved,Yes,Medical,2025-06-20
L0442,C0442,Home Loan,1863327,8.08,5,Rejected,No,Business,2024-12-28
L0443,C0443,Home Loan,6116615,9.28,3,Rejected,Yes,Vehicle,2025-04-19
L0444,C0444,Home Loan,1029242,9.84,22,Approved,No,Education,2024-03-16
L0445,C0445,Home Loan,7062298,12.37,27,Approved,No,Business,2025-06-19
L0446,C0446,Personal Loan,5940351,10.61,6,Approved,No,Education,2024-08-20
L0447,C0447,Personal Loan,215426,11.8,6,Approved,No,Medical,2022-08-30
L0448,C0448,Education Loan,3567480,9.35,8,Rejected,No,Vehicle,2022-02-22
L0449,C0449,Education Loan,997192,7.69,21,Approved,No,Housing,2024-10-23
L0450,C0450,Home Loan,2963509,11.56,12,Rejected,Yes,Medical,2022-04-18
L0451,C0451,Auto Loan,1830850,13.09,11,Rejected,No,Business,2021-12-13
L0452,C0452,Auto Loan,3850332,10.75,22,Rejected,Yes,Vehicle,2022-01-21
L0453,C0453,Home Loan,1311178,10.04,6,Approved,No,Medical,2022-04-13
L0454,C0454,Auto Loan,1333020,7.01,3,Approved,Yes,Housing,2021-08-10
L0455,C0455,Personal Loan,6175987,9.66,13,Approved,Yes,Medical,
L0456,C0456,Home Loan,5535510,8.85,22,Rejected,Yes,Medical,2024-09-27
L0457,C0457,Education Loan,6690069,9.43,28,Rejected,Yes,Education,2024-02-06
L0458,C0458,Auto Loan,1133846,7.15,22,Approved,No,Vehicle,2024-02-14
L0459,C0459,Personal Loan,7388032,13.04,12,Approved,Yes,Vehicle,2022-08-19
L0460,C0460,Home Loan,3193356,11.37,1,Rejected,Yes,Education,2024-01-27
L0461,C0461,Education Loan,2827233,12.5,25,Approved,No,Business,2023-11-28
L0462,C0462,Personal Loan,3548781,8.56,11,Approved,No,Business,2024-02-07
L0463,C0463,Auto Loan,3276972,10.14,18,Approved,No,Vehicle,
L0464,C0464,Home Loan,5632456,9.35,15,Rejected,Yes,Vehicle,2022-06-24
L0465,C0465,Education Loan,4452562,11.73,30,Approved,Yes,Education,2024-01-13
L0466,C0466,Auto Loan,5806891,12.31,4,Rejected,Yes,Vehicle,2022-06-26
L0467,C0467,Personal Loan,2407409,10.91,22,Approved,Yes,Business,2022-06-24
L0468,C0468,Education Loan,3819607,11.95,9,Rejected,No,Education,2024-06-02
L0469,C0469,Education Loan,5662651,8.86,13,Approved,No,Business,2021-08-10
L0470,C0470,Auto Loan,1790715,9.95,19,Rejected,No,Education,2023-01-10
L0471,C0471,Auto Loan,7295380,9.27,5,Approved,No,Medical,2021-11-01
L0472,C0472,Auto Loan,5427198,9.55,24,Approved,Yes,Business,2024-06-03
L0473,C0473,Education Loan,1324027,12.04,3,Rejected,Yes,Medical,2024-10-24
L0474,C0474,Education Loan,1834608,6.82,17,Rejected,Yes,Education,2023-07-11
L0475,C0475,Personal Loan,3364938,11.36,21,Approved,Yes,Vehicle,2022-01-25
L0476,C0476,Auto Loan,3062673,7.32,25,Approved,No,Housing,2023-08-20
L0477,C0477,Auto Loan,1677064,7.4,30,Approved,No,Business,2025-02-04
L0478,C0478,Personal Loan,7397678,11.96,6,Rejected,Yes,Business,2024-01-26
L0479,C0479,Personal Loan,5685613,6.63,3,Rejected,No,Housing,2023-06-29
L0480,C0480,Education Loan,7298378,6.8,19,Rejected,No,Medical,2024-07-11
L0481,C0481,Personal Loan,5655804,7.85,5,Approved,Yes,Medical,2024-04-05
L0482,C0482,Personal Loan,2136489,13.43,11,Approved,No,Business,2023-02-01
L0483,C0483,Home Loan,4209690,10.14,19,Approved,No,Housing,2022-04-12
L0484,C0484,Home Loan,4201303,7.92,13,Rejected,Yes,Medical,2025-02-13
L0485,C0485,Home Loan,2397618,9.23,15,Approved,No,Business,2023-02-22
L0486,C0486,Home Loan,3769603,12.69,25,Rejected,Yes,Medical,2023-08-03
L0487,C0487,Personal Loan,510483,7.12,20,Approved,Yes,Vehicle,2023-07-07
L0488,C0488,Home Loan,2214862,12.6,2,Approved,Yes,Business,2022-01-30
L0489,C0489,Education Loan,125647,6.69,18,Approved,Yes,Business,2022-03-12
L0490,C0490,Personal Loan,3734728,7.58,19,Rejected,Yes,Housing,2022-04-27
L0491,C0491,Personal Loan,3988811,9.69,18,Approved,Yes,Business,2022-06-17
L0492,C0492,Home Loan,1430476,8.74,25,Approved,No,Medical,2021-08-20
L0493,C0493,Auto Loan,615099,11.72,22,Rejected,Yes,Education,2023-03-27
L0494,C0494,Auto Loan,6654800,7.2,9,Approved,No,Education,2024-09-30
L0495,C0495,Auto Loan,7556941,7.73,8,Rejected,No,Vehicle,2021-07-24
L0496,C0496,Personal Loan,7093498,8.03,14,Rejected,Yes,Education,2025-06-07
L0497,C0497,Education Loan,599896,12.78,20,Rejected,No,Housing,2022-08-24
L0498,C0498,Education Loan,6377399,8.99,20,Rejected,No,Vehicle,2023-04-03
L0499,C0499,Education Loan,3948253,12.22,18,Rejected,No,Housing,
L0500,C0500,Home Loan,4497996,10.06,10,Rejected,Yes,Vehicle,2022-06-11
L0501,C0501,Auto Loan,2524919,7.78,26,Approved,No,Business,
L0502,C0502,Personal Loan,1809932,10.5,18,Approved,No,Business,2024-08-27
L0503,C0503,Education Loan,3567887,9.9,28,Approved,Yes,Housing,2024-05-08
L0504,C0504,Home Loan,1026240,12.43,1,Rejected,No,Housing,2022-05-12
L0505,C0505,Auto Loan,7492935,9.47,6,Approved,No,Medical,2024-09-20
L0506,C0506,Personal Loan,2509291,10.43,5,Approved,Yes,Business,2022-05-14
L0507,C0507,Education Loan,1280259,12.82,29,Approved,No,Housing,2021-10-11
L0508,C0508,Personal Loan,2477718,10.85,30,Approved,Yes,Vehicle,2022-04-02
L0509,C0509,Auto Loan,2443173,13.39,2,Rejected,Yes,Housing,
L0510,C0510,Home Loan,1585287,12.32,28,Approved,Yes,Education,2025-06-10
L0511,C0511,Home Loan,3674824,8.53,11,Rejected,No,Housing,2023-05-14
L0512,C0512,Home Loan,6551288,13.24,26,Approved,No,Housing,2025-03-09
L0513,C0513,Auto Loan,215491,7.31,2,Rejected,No,Housing,2024-02-14
L0514,C0514,Education Loan,4069774,8.63,20,Approved,No,Medical,
L0515,C0515,Personal Loan,6690889,10.38,23,Rejected,Yes,Vehicle,2023-08-01
L0516,C0516,Education Loan,6497432,12.06,24,Approved,Yes,Medical,2024-06-03
L0517,C0517,Education Loan,4542542,13.4,8,Rejected,No,Housing,2022-11-17
L0518,C0518,Education Loan,647734,11.96,22,Rejected,No,Vehicle,2025-03-08
L0519,C0519,Auto Loan,5019788,8.9,27,Approved,No,Housing,
L0520,C0520,Education Loan,3912027,8.16,18,Approved,No,Education,2023-06-11
L0521,C0521,Personal Loan,3017918,12.54,14,Approved,No,Business,2025-04-09
L0522,C0522,Auto Loan,2643389,12.89,24,Rejected,No,Business,2022-07-19
L0523,C0523,Education Loan,5504360,11.66,20,Approved,No,Medical,2023-04-26
L0524,C0524,Auto Loan,1981696,10.2,23,Rejected,Yes,Medical,2023-03-21
L0525,C0525,Personal Loan,3869362,9.35,23,Rejected,Yes,Housing,2024-10-18
L0526,C0526,Home Loan,1785472,7.98,9,Approved,Yes,Education,2021-09-03
L0527,C0527,Personal Loan,5874976,11.02,17,Rejected,Yes,Education,2024-01-31
L0528,C0528,Auto Loan,7346480,10.8,10,Approved,Yes,Housing,2024-08-16
L0529,C0529,Education Loan,2412030,7.37,21,Approved,Yes,Medical,2025-01-01
L0530,C0530,Home Loan,7141967,7.22,5,Approved,Yes,Vehicle,2023-02-11
L0531,C0531,Education Loan,4099983,9.09,10,Rejected,No,Business,2024-07-23
L0532,C0532,Auto Loan,3376547,11.34,29,Approved,No,Education,2022-10-30
L0533,C0533,Personal Loan,2361900,6.63,20,Rejected,No,Business,2023-03-05
L0534,C0534,Home Loan,1446021,12.26,11,Rejected,Yes,Business,2024-02-05
L0535,C0535,Personal Loan,4129470,10.05,28,Rejected,No,Housing,2025-06-28
L0536,C0536,Personal Loan,1950238,13.45,24,Approved,No,Education,
L0537,C0537,Education Loan,3775294,10.57,20,Approved,No,Housing,2024-08-27
L0538,C0538,Auto Loan,7690067,6.95,17,Approved,Yes,Housing,2023-12-06
L0539,C0539,Personal Loan,1219767,8.53,18,Rejected,Yes,Education,2024-01-09
L0540,C0540,Personal Loan,243829,10.52,21,Approved,No,Education,2023-10-11
L0541,C0541,Education Loan,6651568,13.04,3,Approved,Yes,Medical,2023-09-24
L0542,C0542,Home Loan,2066465,11.5,21,Approved,No,Business,2024-03-23
L0543,C0543,Home Loan,5512500,9.67,3,Approved,Yes,Vehicle,2025-03-22
L0544,C0544,Auto Loan,4176046,8.29,10,Approved,Yes,Business,
L0545,C0545,Auto Loan,3326104,12.15,12,Rejected,Yes,Housing,2024-06-28
L0546,C0546,Auto Loan,1936038,9.32,15,Rejected,No,Housing,2024-11-04
L0547,C0547,Auto Loan,4728385,10.68,21,Rejected,Yes,Education,2021-08-29
L0548,C0548,Home Loan,4375654,10.51,18,Rejected,Yes,Medical,2023-09-17
L0549,C0549,Home Loan,5484550,13.1,17,Rejected,No,Housing,2021-12-17
L0550,C0550,Education Loan,7934760,9.45,15,Rejected,No,Housing,2023-06-02
L0551,C0551,Personal Loan,1313765,10.87,26,Rejected,Yes,Business,2023-06-10
L0552,C0552,Personal Loan,1021273,12.16,25,Approved,Yes,Housing,2025-01-05
L0553,C0553,Personal Loan,2345427,12.59,30,Rejected,Yes,Business,2025-03-25
L0554,C0554,Auto Loan,6150222,11.1,2,Rejected,No,Education,2021-09-04
L0555,C0555,Auto Loan,3210781,12.31,23,Rejected,Yes,Education,2025-03-25
L0556,C0556,Education Loan,4479090,10.99,21,Rejected,Yes,Business,2022-07-17
L0557,C0557,Personal Loan,2237511,11.82,15,Rejected,No,Vehicle,2023-09-14
L0558,C0558,Education Loan,5887366,11.72,3,Rejected,No,Business,2023-10-14
L0559,C0559,Home Loan,929084,11.23,12,Approved,Yes,Medical,2023-03-07
L0560,C0560,Education Loan,2380125,11.83,30,Approved,Yes,Vehicle,2024-08-16
L0561,C0561,Auto Loan,7331000,12.48,6,Rejected,No,Business,2021-08-30
L0562,C0562,Education Loan,5622168,7.13,8,Rejected,Yes,Housing,2023-11-14
L0563,C0563,Home Loan,4432552,10.16,29,Approved,No,Medical,2023-02-22
L0564,C0564,Auto Loan,6806367,7.52,18,Approved,Yes,Business,2023-09-10
L0565,C0565,Auto Loan,2702290,11.98,13,Rejected,No,Housing,2024-10-01
L0566,C0566,Home Loan,6361281,10.55,15,Rejected,Yes,Medical,2024-03-06
L0567,C0567,Education Loan,3486604,10.96,13,Rejected,No,Housing,2021-09-15
L0568,C0568,Home Loan,270285,10.48,16,Approved,Yes,Medical,2022-04-21
L0569,C0569,Education Loan,628211,7.53,7,Approved,No,Education,2022-09-26
L0570,C0570,Education Loan,4857648,10.46,18,Approved,Yes,Education,2023-05-14
L0571,C0571,Education Loan,7522312,8.56,25,Approved,Yes,Medical,2023-03-11
L0572,C0572,Personal Loan,998580,11.91,22,Approved,Yes,Vehicle,2025-04-04
L0573,C0573,Auto Loan,2123548,12.71,6,Approved,Yes,Vehicle,2022-10-17
L0574,C0574,Personal Loan,7639476,10.49,1,Approved,No,Housing,2024-10-14
L0575,C0575,Education Loan,2472410,12.05,30,Approved,No,Business,
L0576,C0576,Auto Loan,2214757,12.5,20,Approved,No,Vehicle,2025-01-06
L0577,C0577,Auto Loan,6892341,13.17,15,Rejected,No,Business,
L0578,C0578,Home Loan,2149288,12.73,9,Approved,Yes,Housing,2022-09-18
L0579,C0579,Personal Loan,6456357,7.26,13,Approved,No,Education,2023-06-17
L0580,C0580,Auto Loan,5707339,12.37,25,Rejected,No,Housing,2022-03-16
L0581,C0581,Education Loan,7912911,12.15,3,Rejected,Yes,Housing,2023-04-18
L0582,C0582,Auto Loan,4763715,8.06,20,Rejected,No,Housing,2022-10-01
L0583,C0583,Home Loan,7279391,11.96,3,Approved,No,Medical,2024-02-08
L0584,C0584,Personal Loan,5247200,11.93,24,Rejected,No,Business,2025-05-28
L0585,C0585,Home Loan,4918531,9.51,21,Approved,No,Vehicle,2021-09-23
L0586,C0586,Personal Loan,6802452,10.45,22,Rejected,No,Education,2024-06-06
L0587,C0587,Education Loan,7854686,13.22,15,Approved,No,Business,2023-09-12
L0588,C0588,Personal Loan,4545285,6.88,16,Approved,No,Housing,2025-05-04
L0589,C0589,Education Loan,7832849,10.86,20,Approved,Yes,Education,2022-02-06
L0590,C0590,Home Loan,1634672,6.66,18,Rejected,Yes,Vehicle,
L0591,C0591,Education Loan,5364013,10.41,16,Rejected,No,Housing,
L0592,C0592,Home Loan,4269445,7.59,13,Approved,Yes,Housing,2023-06-21
L0593,C0593,Home Loan,4531934,10.98,18,Approved,No,Business,2025-01-10
L0594,C0594,Auto Loan,128276,9.7,5,Approved,Yes,Business,2024-03-30
L0595,C0595,Education Loan,1350710,9.42,28,Approved,No,Education,2023-06-02
L0596,C0596,Home Loan,264165,12.74,20,Rejected,Yes,Housing,2021-11-18
L0597,C0597,Auto Loan,2846234,10.99,19,Approved,Yes,Education,2024-07-27
L0598,C0598,Home Loan,6546587,7.72,30,Rejected,No,Medical,2023-08-17
L0599,C0599,Education Loan,5885100,8.01,14,Approved,Yes,Housing,2021-12-23
L0600,C0600,Personal Loan,6556598,10.43,17,Approved,Yes,Vehicle,2022-04-06
